,poster,commenter,time
0,0@purdue.edu,2@purdue.edu,2015-01-14 01:45:56
1,0@purdue.edu,3@purdue.edu,2015-01-17 13:04:03
2,0@purdue.edu,2@purdue.edu,2015-02-16 19:40:21
3,2@purdue.edu,4@purdue.edu,2015-02-17 20:10:05
4,0@purdue.edu,4@purdue.edu,2015-02-17 20:55:59
5,4@purdue.edu,5@purdue.edu,2015-02-17 23:03:19
6,5@purdue.edu,5@purdue.edu,2015-02-17 23:19:20
7,5@purdue.edu,4@purdue.edu,2015-02-18 10:53:09
8,4@purdue.edu,6@purdue.edu,2015-02-18 17:10:35
9,0@purdue.edu,7@purdue.edu,2015-02-18 17:42:20
10,7@purdue.edu,8@purdue.edu,2015-02-18 19:37:45
11,4@purdue.edu,9@purdue.edu,2015-02-18 19:42:21
12,0@purdue.edu,10@purdue.edu,2015-02-18 23:36:33
13,0@purdue.edu,11@purdue.edu,2015-02-19 12:44:44
14,2@purdue.edu,12@purdue.edu,2015-02-19 13:41:26
15,0@purdue.edu,13@purdue.edu,2015-03-02 14:37:38
16,0@purdue.edu,14@purdue.edu,2015-03-06 18:49:37
17,0@purdue.edu,15@purdue.edu,2015-03-06 20:52:15
18,0@purdue.edu,16@purdue.edu,2015-03-11 15:33:38
19,16@purdue.edu,17@purdue.edu,2015-05-01 21:36:56
20,10@purdue.edu,18@purdue.edu,2015-05-02 11:47:47
21,18@purdue.edu,19@purdue.edu,2015-05-02 16:45:59
22,16@purdue.edu,8@purdue.edu,2015-05-03 14:46:29
23,8@purdue.edu,20@purdue.edu,2015-05-03 15:42:43
24,0@purdue.edu,20@purdue.edu,2015-05-03 16:03:48
25,8@purdue.edu,19@purdue.edu,2015-05-03 17:36:33
26,20@purdue.edu,19@purdue.edu,2015-05-03 17:37:59
27,8@purdue.edu,21@purdue.edu,2015-05-03 21:26:57
28,21@purdue.edu,21@purdue.edu,2015-05-03 21:30:27
29,0@purdue.edu,22@purdue.edu,2015-05-03 21:34:09
30,17@purdue.edu,23@purdue.edu,2015-05-03 23:04:36
31,22@purdue.edu,24@purdue.edu,2015-05-04 12:43:51
32,8@purdue.edu,25@purdue.edu,2015-05-04 13:55:05
33,25@purdue.edu,12@purdue.edu,2015-05-04 14:01:21
34,8@purdue.edu,12@purdue.edu,2015-05-04 14:02:18
35,19@purdue.edu,25@purdue.edu,2015-05-04 14:02:23
36,25@purdue.edu,26@purdue.edu,2015-05-04 14:30:11
37,18@purdue.edu,12@purdue.edu,2015-05-04 14:44:47
38,16@purdue.edu,26@purdue.edu,2015-05-04 18:59:03
39,25@purdue.edu,27@purdue.edu,2015-05-04 20:00:55
40,26@purdue.edu,28@purdue.edu,2015-05-04 22:46:10
41,1@purdue.edu,29@purdue.edu,2015-01-22 15:29:08
42,1@purdue.edu,30@purdue.edu,2015-01-27 11:41:47
43,30@purdue.edu,31@purdue.edu,2015-01-27 17:45:04
44,31@purdue.edu,31@purdue.edu,2015-01-27 17:45:59
45,30@purdue.edu,32@purdue.edu,2015-01-27 18:42:48
46,32@purdue.edu,33@purdue.edu,2015-01-27 19:14:53
47,33@purdue.edu,34@purdue.edu,2015-01-27 21:18:45
48,31@purdue.edu,35@purdue.edu,2015-01-27 22:14:21
49,1@purdue.edu,33@purdue.edu,2015-01-27 22:54:02
50,1@purdue.edu,36@purdue.edu,2015-01-17 15:11:02
51,1@purdue.edu,37@purdue.edu,2015-01-22 15:28:04
52,37@purdue.edu,29@purdue.edu,2015-01-27 19:24:49
53,36@purdue.edu,12@purdue.edu,2015-02-19 13:40:34
54,0@purdue.edu,38@purdue.edu,2015-01-12 09:36:38
55,38@purdue.edu,39@purdue.edu,2015-01-12 09:40:16
56,0@purdue.edu,40@purdue.edu,2015-01-12 13:25:48
57,40@purdue.edu,41@purdue.edu,2015-01-12 13:56:03
58,0@purdue.edu,18@purdue.edu,2015-01-12 14:47:16
59,18@purdue.edu,38@purdue.edu,2015-01-12 15:34:02
60,0@purdue.edu,42@purdue.edu,2015-01-12 17:05:33
61,41@purdue.edu,43@purdue.edu,2015-01-12 20:18:29
62,18@purdue.edu,44@purdue.edu,2015-01-12 21:00:57
63,42@purdue.edu,45@purdue.edu,2015-01-12 21:29:58
64,42@purdue.edu,46@purdue.edu,2015-01-12 21:59:03
65,18@purdue.edu,47@purdue.edu,2015-01-12 22:15:24
66,18@purdue.edu,48@purdue.edu,2015-01-12 22:15:49
67,48@purdue.edu,49@purdue.edu,2015-01-12 22:18:52
68,45@purdue.edu,50@purdue.edu,2015-01-12 23:47:27
69,0@purdue.edu,51@purdue.edu,2015-01-13 09:46:01
70,0@purdue.edu,52@purdue.edu,2015-01-13 10:15:22
71,52@purdue.edu,34@purdue.edu,2015-01-13 14:40:12
72,46@purdue.edu,53@purdue.edu,2015-01-13 15:06:47
73,0@purdue.edu,54@purdue.edu,2015-01-13 19:28:15
74,0@purdue.edu,37@purdue.edu,2015-01-13 20:40:10
75,0@purdue.edu,55@purdue.edu,2015-01-13 20:42:54
76,55@purdue.edu,56@purdue.edu,2015-01-13 21:01:04
77,54@purdue.edu,34@purdue.edu,2015-01-13 21:15:38
78,0@purdue.edu,57@purdue.edu,2015-01-12 09:39:35
79,0@purdue.edu,57@purdue.edu,2015-01-12 09:54:34
80,0@purdue.edu,58@purdue.edu,2015-01-12 15:08:42
81,0@purdue.edu,59@purdue.edu,2015-01-12 20:24:31
82,57@purdue.edu,44@purdue.edu,2015-01-12 21:03:18
83,58@purdue.edu,60@purdue.edu,2015-01-12 22:23:39
84,0@purdue.edu,41@purdue.edu,2015-01-13 10:20:49
85,0@purdue.edu,52@purdue.edu,2015-01-13 10:51:27
86,41@purdue.edu,29@purdue.edu,2015-01-13 11:33:53
87,52@purdue.edu,29@purdue.edu,2015-01-13 11:38:14
88,0@purdue.edu,61@purdue.edu,2015-01-13 12:02:55
89,0@purdue.edu,42@purdue.edu,2015-01-13 13:57:17
90,0@purdue.edu,62@purdue.edu,2015-01-13 14:47:57
91,62@purdue.edu,29@purdue.edu,2015-01-13 15:17:41
92,62@purdue.edu,50@purdue.edu,2015-01-13 15:20:32
93,29@purdue.edu,63@purdue.edu,2015-01-13 17:11:58
94,63@purdue.edu,64@purdue.edu,2015-01-13 18:43:26
95,42@purdue.edu,65@purdue.edu,2015-01-13 19:26:18
96,61@purdue.edu,46@purdue.edu,2015-01-13 19:29:02
97,0@purdue.edu,66@purdue.edu,2015-01-13 20:09:14
98,66@purdue.edu,67@purdue.edu,2015-01-13 20:58:38
99,0@purdue.edu,68@purdue.edu,2015-01-14 19:18:38
100,0@purdue.edu,34@purdue.edu,2015-01-14 19:46:48
101,34@purdue.edu,69@purdue.edu,2015-01-14 20:00:20
102,68@purdue.edu,69@purdue.edu,2015-01-14 20:01:30
103,69@purdue.edu,52@purdue.edu,2015-01-14 21:12:32
104,52@purdue.edu,62@purdue.edu,2015-01-14 21:20:28
105,69@purdue.edu,70@purdue.edu,2015-01-14 21:22:05
106,0@purdue.edu,62@purdue.edu,2015-01-14 21:24:30
107,0@purdue.edu,47@purdue.edu,2015-01-14 21:30:26
108,47@purdue.edu,67@purdue.edu,2015-01-14 21:36:47
109,69@purdue.edu,71@purdue.edu,2015-01-14 22:02:47
110,71@purdue.edu,52@purdue.edu,2015-01-14 22:47:10
111,52@purdue.edu,18@purdue.edu,2015-01-15 00:02:44
112,52@purdue.edu,50@purdue.edu,2015-01-15 01:58:19
113,0@purdue.edu,72@purdue.edu,2015-01-15 10:07:23
114,0@purdue.edu,61@purdue.edu,2015-01-15 10:17:58
115,61@purdue.edu,73@purdue.edu,2015-01-15 12:00:37
116,62@purdue.edu,74@purdue.edu,2015-01-15 12:33:19
117,52@purdue.edu,30@purdue.edu,2015-01-15 12:39:53
118,61@purdue.edu,30@purdue.edu,2015-01-15 12:49:20
119,30@purdue.edu,30@purdue.edu,2015-01-15 13:01:41
120,52@purdue.edu,75@purdue.edu,2015-01-15 14:38:56
121,73@purdue.edu,76@purdue.edu,2015-01-15 14:52:31
122,61@purdue.edu,77@purdue.edu,2015-01-15 16:12:00
123,34@purdue.edu,77@purdue.edu,2015-01-15 16:17:26
124,0@purdue.edu,76@purdue.edu,2015-01-15 16:22:41
125,0@purdue.edu,78@purdue.edu,2015-01-15 17:30:16
126,74@purdue.edu,79@purdue.edu,2015-01-15 17:31:37
127,78@purdue.edu,31@purdue.edu,2015-01-15 17:53:07
128,61@purdue.edu,31@purdue.edu,2015-01-15 18:06:29
129,68@purdue.edu,68@purdue.edu,2015-01-15 18:30:02
130,76@purdue.edu,80@purdue.edu,2015-01-15 18:56:39
131,61@purdue.edu,81@purdue.edu,2015-01-15 19:22:02
132,79@purdue.edu,82@purdue.edu,2015-01-15 20:33:01
133,78@purdue.edu,78@purdue.edu,2015-01-15 20:51:23
134,31@purdue.edu,78@purdue.edu,2015-01-15 20:58:58
135,31@purdue.edu,83@purdue.edu,2015-01-15 22:01:19
136,0@purdue.edu,84@purdue.edu,2015-01-15 22:23:32
137,0@purdue.edu,77@purdue.edu,2015-01-15 16:33:12
138,77@purdue.edu,85@purdue.edu,2015-01-15 17:07:09
139,0@purdue.edu,86@purdue.edu,2015-01-15 17:42:11
140,0@purdue.edu,87@purdue.edu,2015-01-15 17:43:47
141,77@purdue.edu,87@purdue.edu,2015-01-15 17:45:40
142,87@purdue.edu,88@purdue.edu,2015-01-15 17:59:08
143,87@purdue.edu,31@purdue.edu,2015-01-15 18:34:51
144,31@purdue.edu,89@purdue.edu,2015-01-15 18:40:25
145,89@purdue.edu,31@purdue.edu,2015-01-15 18:45:10
146,86@purdue.edu,31@purdue.edu,2015-01-15 18:46:33
147,0@purdue.edu,80@purdue.edu,2015-01-15 19:16:18
148,89@purdue.edu,46@purdue.edu,2015-01-15 19:45:57
149,80@purdue.edu,34@purdue.edu,2015-01-15 19:55:44
150,87@purdue.edu,84@purdue.edu,2015-01-15 22:42:06
151,34@purdue.edu,84@purdue.edu,2015-01-15 22:42:36
152,84@purdue.edu,90@purdue.edu,2015-01-15 23:55:24
153,84@purdue.edu,91@purdue.edu,2015-01-16 00:11:01
154,0@purdue.edu,32@purdue.edu,2015-01-16 12:35:23
155,0@purdue.edu,92@purdue.edu,2015-01-16 16:22:40
156,0@purdue.edu,76@purdue.edu,2015-01-16 16:44:37
157,76@purdue.edu,93@purdue.edu,2015-01-17 13:15:19
158,32@purdue.edu,29@purdue.edu,2015-01-17 20:20:27
159,92@purdue.edu,71@purdue.edu,2015-01-18 12:29:29
160,0@purdue.edu,70@purdue.edu,2015-01-18 17:10:21
161,0@purdue.edu,94@purdue.edu,2015-01-18 18:44:19
162,71@purdue.edu,92@purdue.edu,2015-01-18 19:06:02
163,94@purdue.edu,92@purdue.edu,2015-01-18 19:08:08
164,71@purdue.edu,64@purdue.edu,2015-01-19 11:15:58
165,0@purdue.edu,61@purdue.edu,2015-01-19 13:06:32
166,0@purdue.edu,20@purdue.edu,2015-01-19 14:09:04
167,61@purdue.edu,26@purdue.edu,2015-01-19 14:16:40
168,20@purdue.edu,95@purdue.edu,2015-01-19 15:00:39
169,70@purdue.edu,95@purdue.edu,2015-01-19 15:23:42
170,0@purdue.edu,41@purdue.edu,2015-01-19 18:45:23
171,0@purdue.edu,32@purdue.edu,2015-01-19 19:50:00
172,0@purdue.edu,96@purdue.edu,2015-01-19 20:39:32
173,32@purdue.edu,97@purdue.edu,2015-01-19 21:52:10
174,96@purdue.edu,98@purdue.edu,2015-01-20 09:34:01
175,96@purdue.edu,52@purdue.edu,2015-01-20 10:44:34
176,52@purdue.edu,34@purdue.edu,2015-01-20 15:43:52
177,95@purdue.edu,99@purdue.edu,2015-01-20 21:10:26
178,32@purdue.edu,100@purdue.edu,2015-01-20 21:46:04
179,0@purdue.edu,47@purdue.edu,2015-01-19 16:16:39
180,47@purdue.edu,47@purdue.edu,2015-01-19 16:17:10
181,0@purdue.edu,75@purdue.edu,2015-01-20 09:31:37
182,47@purdue.edu,101@purdue.edu,2015-01-20 14:54:32
183,0@purdue.edu,102@purdue.edu,2015-01-20 16:49:42
184,0@purdue.edu,43@purdue.edu,2015-01-20 17:29:30
185,43@purdue.edu,43@purdue.edu,2015-01-20 17:31:07
186,0@purdue.edu,27@purdue.edu,2015-01-20 18:30:49
187,43@purdue.edu,27@purdue.edu,2015-01-20 18:31:20
188,102@purdue.edu,27@purdue.edu,2015-01-20 18:39:59
189,27@purdue.edu,90@purdue.edu,2015-01-20 19:08:07
190,27@purdue.edu,91@purdue.edu,2015-01-20 19:09:17
191,43@purdue.edu,80@purdue.edu,2015-01-20 19:10:07
192,102@purdue.edu,90@purdue.edu,2015-01-20 19:17:28
193,27@purdue.edu,103@purdue.edu,2015-01-20 20:45:01
194,0@purdue.edu,104@purdue.edu,2015-01-20 21:22:58
195,104@purdue.edu,52@purdue.edu,2015-01-20 22:16:05
196,90@purdue.edu,52@purdue.edu,2015-01-20 22:16:41
197,0@purdue.edu,105@purdue.edu,2015-01-20 22:44:54
198,0@purdue.edu,95@purdue.edu,2015-01-21 15:16:47
199,0@purdue.edu,106@purdue.edu,2015-01-21 15:34:14
200,95@purdue.edu,97@purdue.edu,2015-01-21 16:02:07
201,106@purdue.edu,97@purdue.edu,2015-01-21 16:03:18
202,97@purdue.edu,106@purdue.edu,2015-01-21 16:19:43
203,0@purdue.edu,107@purdue.edu,2015-01-21 16:33:07
204,95@purdue.edu,108@purdue.edu,2015-01-21 16:56:34
205,0@purdue.edu,109@purdue.edu,2015-01-21 19:16:01
206,109@purdue.edu,50@purdue.edu,2015-01-22 01:54:54
207,95@purdue.edu,50@purdue.edu,2015-01-22 01:56:52
208,97@purdue.edu,110@purdue.edu,2015-01-22 14:22:39
209,110@purdue.edu,27@purdue.edu,2015-01-22 17:25:03
210,0@purdue.edu,49@purdue.edu,2015-01-22 21:29:04
211,95@purdue.edu,111@purdue.edu,2015-01-22 22:08:22
212,49@purdue.edu,63@purdue.edu,2015-01-22 22:20:18
213,0@purdue.edu,63@purdue.edu,2015-01-22 22:21:45
214,95@purdue.edu,112@purdue.edu,2015-01-22 22:54:03
215,110@purdue.edu,113@purdue.edu,2015-01-23 01:00:21
216,0@purdue.edu,96@purdue.edu,2015-01-21 16:58:48
217,96@purdue.edu,96@purdue.edu,2015-01-21 17:06:06
218,96@purdue.edu,114@purdue.edu,2015-01-21 17:15:50
219,96@purdue.edu,18@purdue.edu,2015-01-21 18:47:51
220,18@purdue.edu,114@purdue.edu,2015-01-21 19:16:45
221,0@purdue.edu,115@purdue.edu,2015-01-21 19:57:18
222,96@purdue.edu,64@purdue.edu,2015-01-21 20:02:40
223,115@purdue.edu,34@purdue.edu,2015-01-21 20:24:47
224,64@purdue.edu,114@purdue.edu,2015-01-21 20:37:26
225,114@purdue.edu,50@purdue.edu,2015-01-22 02:19:02
226,0@purdue.edu,5@purdue.edu,2015-01-22 20:25:38
227,0@purdue.edu,109@purdue.edu,2015-01-22 22:26:36
228,109@purdue.edu,91@purdue.edu,2015-01-22 23:09:40
229,96@purdue.edu,116@purdue.edu,2015-01-22 23:20:16
230,0@purdue.edu,92@purdue.edu,2015-01-23 17:57:30
231,92@purdue.edu,117@purdue.edu,2015-01-23 19:28:55
232,0@purdue.edu,118@purdue.edu,2015-01-24 11:19:32
233,118@purdue.edu,67@purdue.edu,2015-01-24 12:12:21
234,118@purdue.edu,93@purdue.edu,2015-01-24 12:16:14
235,93@purdue.edu,118@purdue.edu,2015-01-24 14:13:45
236,93@purdue.edu,34@purdue.edu,2015-01-24 16:43:53
237,34@purdue.edu,113@purdue.edu,2015-01-24 20:56:34
238,0@purdue.edu,50@purdue.edu,2015-01-25 15:46:19
239,50@purdue.edu,75@purdue.edu,2015-01-25 15:56:10
240,0@purdue.edu,119@purdue.edu,2015-01-25 16:25:01
241,75@purdue.edu,50@purdue.edu,2015-01-25 16:25:58
242,119@purdue.edu,119@purdue.edu,2015-01-25 16:58:38
243,50@purdue.edu,78@purdue.edu,2015-01-25 19:57:47
244,34@purdue.edu,48@purdue.edu,2015-01-25 20:19:10
245,0@purdue.edu,110@purdue.edu,2015-01-24 14:34:03
246,0@purdue.edu,7@purdue.edu,2015-01-24 15:07:27
247,0@purdue.edu,49@purdue.edu,2015-01-24 15:15:49
248,49@purdue.edu,49@purdue.edu,2015-01-24 15:17:44
249,49@purdue.edu,34@purdue.edu,2015-01-24 16:41:59
250,110@purdue.edu,113@purdue.edu,2015-01-24 21:03:31
251,0@purdue.edu,88@purdue.edu,2015-01-25 00:07:53
252,88@purdue.edu,120@purdue.edu,2015-01-25 10:54:19
253,34@purdue.edu,121@purdue.edu,2015-01-25 12:41:16
254,121@purdue.edu,40@purdue.edu,2015-01-25 14:22:49
255,0@purdue.edu,32@purdue.edu,2015-01-25 17:44:02
256,32@purdue.edu,31@purdue.edu,2015-01-25 18:10:42
257,113@purdue.edu,48@purdue.edu,2015-01-25 20:17:56
258,49@purdue.edu,5@purdue.edu,2015-01-25 22:05:14
259,0@purdue.edu,95@purdue.edu,2015-01-26 14:31:37
260,95@purdue.edu,68@purdue.edu,2015-01-26 15:20:27
261,95@purdue.edu,122@purdue.edu,2015-01-26 16:18:41
262,0@purdue.edu,47@purdue.edu,2015-01-26 17:17:36
263,0@purdue.edu,123@purdue.edu,2015-01-26 18:25:27
264,0@purdue.edu,20@purdue.edu,2015-01-26 18:53:39
265,20@purdue.edu,34@purdue.edu,2015-01-26 20:53:11
266,68@purdue.edu,34@purdue.edu,2015-01-26 20:54:33
267,123@purdue.edu,77@purdue.edu,2015-01-26 21:09:42
268,0@purdue.edu,7@purdue.edu,2015-01-26 21:13:19
269,47@purdue.edu,50@purdue.edu,2015-01-27 00:33:05
270,20@purdue.edu,50@purdue.edu,2015-01-27 00:45:39
271,34@purdue.edu,25@purdue.edu,2015-01-27 12:34:08
272,50@purdue.edu,124@purdue.edu,2015-01-27 15:18:07
273,7@purdue.edu,112@purdue.edu,2015-01-27 17:07:18
274,7@purdue.edu,125@purdue.edu,2015-01-27 17:14:29
275,0@purdue.edu,33@purdue.edu,2015-01-27 17:51:19
276,33@purdue.edu,31@purdue.edu,2015-01-27 17:58:53
277,33@purdue.edu,126@purdue.edu,2015-01-27 22:23:25
278,0@purdue.edu,109@purdue.edu,2015-01-27 23:14:30
279,109@purdue.edu,60@purdue.edu,2015-01-28 00:01:27
280,60@purdue.edu,109@purdue.edu,2015-01-28 00:32:00
281,109@purdue.edu,99@purdue.edu,2015-01-28 00:42:54
282,50@purdue.edu,49@purdue.edu,2015-01-28 01:10:16
283,109@purdue.edu,109@purdue.edu,2015-01-28 09:29:49
284,0@purdue.edu,127@purdue.edu,2015-01-28 12:33:21
285,0@purdue.edu,104@purdue.edu,2015-01-28 13:41:38
286,0@purdue.edu,128@purdue.edu,2015-01-28 13:59:01
287,127@purdue.edu,95@purdue.edu,2015-01-28 14:52:08
288,0@purdue.edu,129@purdue.edu,2015-01-28 14:54:52
289,128@purdue.edu,95@purdue.edu,2015-01-28 14:57:04
290,104@purdue.edu,95@purdue.edu,2015-01-28 15:04:49
291,0@purdue.edu,130@purdue.edu,2015-01-28 16:18:19
292,0@purdue.edu,68@purdue.edu,2015-01-28 16:58:14
293,0@purdue.edu,73@purdue.edu,2015-01-28 20:11:27
294,73@purdue.edu,95@purdue.edu,2015-01-28 20:20:39
295,0@purdue.edu,73@purdue.edu,2015-01-28 20:23:15
296,73@purdue.edu,110@purdue.edu,2015-01-28 20:35:28
297,73@purdue.edu,24@purdue.edu,2015-01-28 20:47:26
298,129@purdue.edu,43@purdue.edu,2015-01-28 21:09:46
299,95@purdue.edu,43@purdue.edu,2015-01-28 21:57:34
300,0@purdue.edu,60@purdue.edu,2015-01-28 22:35:23
301,104@purdue.edu,131@purdue.edu,2015-01-28 23:04:36
302,73@purdue.edu,46@purdue.edu,2015-01-28 23:08:37
303,46@purdue.edu,46@purdue.edu,2015-01-28 23:19:21
304,60@purdue.edu,18@purdue.edu,2015-01-29 09:33:44
305,60@purdue.edu,114@purdue.edu,2015-01-29 09:41:51
306,114@purdue.edu,132@purdue.edu,2015-01-29 10:07:16
307,60@purdue.edu,86@purdue.edu,2015-01-29 10:41:28
308,0@purdue.edu,30@purdue.edu,2015-01-29 12:08:30
309,104@purdue.edu,84@purdue.edu,2015-01-29 15:21:16
310,86@purdue.edu,60@purdue.edu,2015-01-29 15:52:56
311,0@purdue.edu,60@purdue.edu,2015-01-29 15:54:56
312,30@purdue.edu,60@purdue.edu,2015-01-29 16:04:11
313,73@purdue.edu,133@purdue.edu,2015-01-29 17:58:48
314,60@purdue.edu,31@purdue.edu,2015-01-29 19:55:50
315,95@purdue.edu,26@purdue.edu,2015-01-29 21:48:58
316,132@purdue.edu,134@purdue.edu,2015-01-30 02:10:31
317,0@purdue.edu,60@purdue.edu,2015-01-28 22:51:40
318,60@purdue.edu,131@purdue.edu,2015-01-28 23:51:54
319,60@purdue.edu,95@purdue.edu,2015-01-29 09:31:25
320,95@purdue.edu,131@purdue.edu,2015-01-29 11:39:25
321,0@purdue.edu,69@purdue.edu,2015-01-29 12:11:02
322,69@purdue.edu,135@purdue.edu,2015-01-29 15:10:49
323,60@purdue.edu,34@purdue.edu,2015-01-29 16:01:30
324,69@purdue.edu,40@purdue.edu,2015-01-29 19:48:57
325,131@purdue.edu,5@purdue.edu,2015-01-29 23:00:01
326,60@purdue.edu,136@purdue.edu,2015-01-29 23:49:55
327,0@purdue.edu,136@purdue.edu,2015-01-29 23:52:33
328,0@purdue.edu,84@purdue.edu,2015-01-30 13:31:41
329,0@purdue.edu,61@purdue.edu,2015-01-30 15:07:00
330,0@purdue.edu,92@purdue.edu,2015-01-30 16:10:50
331,84@purdue.edu,135@purdue.edu,2015-01-30 17:28:29
332,0@purdue.edu,40@purdue.edu,2015-01-31 13:12:01
333,0@purdue.edu,73@purdue.edu,2015-01-31 13:48:33
334,84@purdue.edu,64@purdue.edu,2015-01-31 14:43:14
335,73@purdue.edu,43@purdue.edu,2015-01-31 17:30:37
336,64@purdue.edu,77@purdue.edu,2015-01-31 17:39:34
337,0@purdue.edu,137@purdue.edu,2015-01-31 18:02:47
338,0@purdue.edu,102@purdue.edu,2015-01-31 18:09:03
339,0@purdue.edu,47@purdue.edu,2015-01-31 20:14:49
340,0@purdue.edu,47@purdue.edu,2015-01-31 20:32:49
341,0@purdue.edu,36@purdue.edu,2015-01-31 23:28:35
342,84@purdue.edu,138@purdue.edu,2015-02-01 11:46:26
343,0@purdue.edu,139@purdue.edu,2015-02-01 13:02:21
344,47@purdue.edu,76@purdue.edu,2015-02-01 13:14:09
345,73@purdue.edu,43@purdue.edu,2015-02-01 14:01:18
346,36@purdue.edu,140@purdue.edu,2015-02-01 14:10:00
347,76@purdue.edu,141@purdue.edu,2015-02-01 16:27:27
348,0@purdue.edu,63@purdue.edu,2015-02-01 17:27:58
349,0@purdue.edu,63@purdue.edu,2015-02-01 17:28:49
350,47@purdue.edu,27@purdue.edu,2015-02-01 18:30:45
351,47@purdue.edu,142@purdue.edu,2015-02-01 19:31:59
352,139@purdue.edu,125@purdue.edu,2015-02-01 23:18:58
353,137@purdue.edu,143@purdue.edu,2015-02-01 23:51:38
354,63@purdue.edu,144@purdue.edu,2015-02-02 00:00:52
355,63@purdue.edu,60@purdue.edu,2015-02-02 00:33:07
356,102@purdue.edu,82@purdue.edu,2015-02-02 01:33:08
357,0@purdue.edu,84@purdue.edu,2015-01-30 13:34:17
358,0@purdue.edu,80@purdue.edu,2015-01-30 16:22:06
359,80@purdue.edu,106@purdue.edu,2015-01-30 16:25:00
360,80@purdue.edu,106@purdue.edu,2015-01-30 16:45:34
361,0@purdue.edu,92@purdue.edu,2015-01-30 16:47:36
362,106@purdue.edu,92@purdue.edu,2015-01-30 16:53:51
363,92@purdue.edu,135@purdue.edu,2015-01-30 21:04:48
364,92@purdue.edu,52@purdue.edu,2015-01-31 10:04:00
365,80@purdue.edu,114@purdue.edu,2015-01-31 12:04:47
366,106@purdue.edu,40@purdue.edu,2015-01-31 13:16:14
367,40@purdue.edu,34@purdue.edu,2015-01-31 17:08:33
368,0@purdue.edu,93@purdue.edu,2015-01-31 19:13:58
369,84@purdue.edu,145@purdue.edu,2015-01-31 21:37:28
370,84@purdue.edu,145@purdue.edu,2015-01-31 21:40:10
371,93@purdue.edu,71@purdue.edu,2015-02-01 13:17:39
372,71@purdue.edu,71@purdue.edu,2015-02-01 13:24:13
373,106@purdue.edu,77@purdue.edu,2015-02-01 13:27:22
374,145@purdue.edu,36@purdue.edu,2015-02-01 16:11:29
375,0@purdue.edu,49@purdue.edu,2015-02-02 01:38:06
376,80@purdue.edu,146@purdue.edu,2015-02-02 12:56:49
377,0@purdue.edu,98@purdue.edu,2015-02-02 12:48:30
378,98@purdue.edu,140@purdue.edu,2015-02-02 13:14:08
379,140@purdue.edu,109@purdue.edu,2015-02-02 13:39:02
380,109@purdue.edu,61@purdue.edu,2015-02-02 14:56:24
381,109@purdue.edu,147@purdue.edu,2015-02-02 16:13:18
382,98@purdue.edu,148@purdue.edu,2015-02-02 16:36:54
383,0@purdue.edu,68@purdue.edu,2015-02-02 19:09:17
384,68@purdue.edu,68@purdue.edu,2015-02-02 19:10:08
385,68@purdue.edu,18@purdue.edu,2015-02-02 22:34:23
386,98@purdue.edu,27@purdue.edu,2015-02-03 17:55:20
387,98@purdue.edu,26@purdue.edu,2015-02-03 18:12:57
388,68@purdue.edu,5@purdue.edu,2015-02-03 20:19:42
389,5@purdue.edu,5@purdue.edu,2015-02-03 20:21:07
390,26@purdue.edu,56@purdue.edu,2015-02-03 20:26:31
391,98@purdue.edu,149@purdue.edu,2015-02-03 21:59:41
392,0@purdue.edu,73@purdue.edu,2015-02-02 13:41:05
393,0@purdue.edu,64@purdue.edu,2015-02-02 14:36:31
394,0@purdue.edu,61@purdue.edu,2015-02-02 14:58:26
395,0@purdue.edu,101@purdue.edu,2015-02-02 15:21:36
396,101@purdue.edu,150@purdue.edu,2015-02-02 16:08:24
397,0@purdue.edu,81@purdue.edu,2015-02-02 20:10:17
398,0@purdue.edu,18@purdue.edu,2015-02-02 22:52:58
399,18@purdue.edu,89@purdue.edu,2015-02-03 09:52:39
400,81@purdue.edu,89@purdue.edu,2015-02-03 09:56:32
401,0@purdue.edu,7@purdue.edu,2015-02-03 13:08:47
402,0@purdue.edu,7@purdue.edu,2015-02-03 13:15:29
403,7@purdue.edu,151@purdue.edu,2015-02-03 14:09:58
404,0@purdue.edu,152@purdue.edu,2015-02-03 16:06:23
405,152@purdue.edu,125@purdue.edu,2015-02-03 17:02:37
406,0@purdue.edu,27@purdue.edu,2015-02-03 18:06:53
407,27@purdue.edu,147@purdue.edu,2015-02-03 18:19:03
408,0@purdue.edu,137@purdue.edu,2015-02-03 19:35:50
409,27@purdue.edu,149@purdue.edu,2015-02-03 21:58:17
410,0@purdue.edu,95@purdue.edu,2015-02-04 13:12:52
411,0@purdue.edu,34@purdue.edu,2015-02-04 15:24:50
412,95@purdue.edu,18@purdue.edu,2015-02-04 15:25:20
413,0@purdue.edu,76@purdue.edu,2015-02-04 15:35:29
414,76@purdue.edu,34@purdue.edu,2015-02-04 15:46:07
415,76@purdue.edu,40@purdue.edu,2015-02-04 15:54:17
416,0@purdue.edu,115@purdue.edu,2015-02-04 16:20:15
417,34@purdue.edu,153@purdue.edu,2015-02-04 17:17:01
418,95@purdue.edu,95@purdue.edu,2015-02-04 17:18:38
419,115@purdue.edu,47@purdue.edu,2015-02-04 17:20:11
420,47@purdue.edu,48@purdue.edu,2015-02-04 18:07:45
421,153@purdue.edu,125@purdue.edu,2015-02-04 18:26:10
422,76@purdue.edu,23@purdue.edu,2015-02-04 19:40:30
423,47@purdue.edu,23@purdue.edu,2015-02-04 19:43:27
424,0@purdue.edu,72@purdue.edu,2015-02-04 22:54:31
425,72@purdue.edu,67@purdue.edu,2015-02-05 10:09:58
426,0@purdue.edu,146@purdue.edu,2015-02-05 15:51:06
427,0@purdue.edu,10@purdue.edu,2015-02-05 17:12:45
428,23@purdue.edu,154@purdue.edu,2015-02-05 21:04:53
429,34@purdue.edu,155@purdue.edu,2015-02-05 21:25:24
430,0@purdue.edu,45@purdue.edu,2015-02-05 22:58:22
431,45@purdue.edu,49@purdue.edu,2015-02-06 00:24:07
432,0@purdue.edu,95@purdue.edu,2015-02-04 15:08:19
433,0@purdue.edu,115@purdue.edu,2015-02-04 16:45:18
434,0@purdue.edu,153@purdue.edu,2015-02-04 17:51:08
435,0@purdue.edu,107@purdue.edu,2015-02-04 17:51:28
436,107@purdue.edu,156@purdue.edu,2015-02-04 18:21:42
437,0@purdue.edu,93@purdue.edu,2015-02-04 21:05:00
438,0@purdue.edu,96@purdue.edu,2015-02-04 22:40:29
439,0@purdue.edu,41@purdue.edu,2015-02-05 13:30:55
440,41@purdue.edu,98@purdue.edu,2015-02-05 15:35:16
441,0@purdue.edu,146@purdue.edu,2015-02-05 16:21:15
442,96@purdue.edu,112@purdue.edu,2015-02-05 19:45:24
443,146@purdue.edu,47@purdue.edu,2015-02-05 20:10:57
444,95@purdue.edu,109@purdue.edu,2015-02-05 21:27:25
445,109@purdue.edu,82@purdue.edu,2015-02-05 23:31:00
446,0@purdue.edu,78@purdue.edu,2015-02-05 23:59:30
447,112@purdue.edu,49@purdue.edu,2015-02-06 01:00:03
448,0@purdue.edu,61@purdue.edu,2015-02-06 13:20:53
449,61@purdue.edu,157@purdue.edu,2015-02-06 15:02:41
450,0@purdue.edu,39@purdue.edu,2015-02-06 15:20:06
451,0@purdue.edu,84@purdue.edu,2015-02-06 15:34:27
452,61@purdue.edu,158@purdue.edu,2015-02-06 17:07:16
453,84@purdue.edu,158@purdue.edu,2015-02-06 17:07:59
454,84@purdue.edu,111@purdue.edu,2015-02-06 17:26:04
455,61@purdue.edu,111@purdue.edu,2015-02-06 17:28:03
456,61@purdue.edu,153@purdue.edu,2015-02-06 19:01:25
457,0@purdue.edu,107@purdue.edu,2015-02-06 20:51:55
458,107@purdue.edu,67@purdue.edu,2015-02-07 11:27:21
459,0@purdue.edu,47@purdue.edu,2015-02-07 12:33:51
460,61@purdue.edu,3@purdue.edu,2015-02-07 13:57:32
461,67@purdue.edu,30@purdue.edu,2015-02-07 14:49:36
462,111@purdue.edu,30@purdue.edu,2015-02-07 15:05:59
463,0@purdue.edu,159@purdue.edu,2015-02-07 17:15:43
464,111@purdue.edu,61@purdue.edu,2015-02-07 17:33:43
465,0@purdue.edu,39@purdue.edu,2015-02-06 15:15:47
466,0@purdue.edu,84@purdue.edu,2015-02-06 15:36:01
467,0@purdue.edu,111@purdue.edu,2015-02-06 17:53:04
468,0@purdue.edu,127@purdue.edu,2015-02-06 20:41:05
469,111@purdue.edu,107@purdue.edu,2015-02-06 21:33:40
470,127@purdue.edu,80@purdue.edu,2015-02-06 21:48:45
471,107@purdue.edu,80@purdue.edu,2015-02-06 22:04:49
472,80@purdue.edu,127@purdue.edu,2015-02-07 10:38:06
473,0@purdue.edu,94@purdue.edu,2015-02-07 10:44:14
474,80@purdue.edu,94@purdue.edu,2015-02-07 10:46:07
475,0@purdue.edu,148@purdue.edu,2015-02-07 12:30:12
476,84@purdue.edu,160@purdue.edu,2015-02-07 13:22:37
477,148@purdue.edu,77@purdue.edu,2015-02-07 13:26:13
478,80@purdue.edu,64@purdue.edu,2015-02-07 14:27:10
479,94@purdue.edu,30@purdue.edu,2015-02-07 14:55:54
480,111@purdue.edu,70@purdue.edu,2015-02-07 15:07:59
481,148@purdue.edu,69@purdue.edu,2015-02-07 17:10:14
482,0@purdue.edu,52@purdue.edu,2015-02-07 22:13:52
483,69@purdue.edu,26@purdue.edu,2015-02-07 22:48:58
484,69@purdue.edu,52@purdue.edu,2015-02-07 22:50:28
485,0@purdue.edu,45@purdue.edu,2015-02-08 10:26:00
486,111@purdue.edu,68@purdue.edu,2015-02-08 10:53:13
487,0@purdue.edu,63@purdue.edu,2015-02-08 17:03:24
488,45@purdue.edu,161@purdue.edu,2015-02-08 22:31:44
489,0@purdue.edu,40@purdue.edu,2015-02-09 13:13:50
490,0@purdue.edu,86@purdue.edu,2015-02-09 13:22:53
491,86@purdue.edu,80@purdue.edu,2015-02-09 14:06:47
492,86@purdue.edu,18@purdue.edu,2015-02-09 14:32:15
493,0@purdue.edu,77@purdue.edu,2015-02-09 14:45:13
494,86@purdue.edu,95@purdue.edu,2015-02-09 15:16:02
495,0@purdue.edu,162@purdue.edu,2015-02-09 15:42:42
496,77@purdue.edu,64@purdue.edu,2015-02-09 16:02:53
497,0@purdue.edu,121@purdue.edu,2015-02-09 18:21:04
498,121@purdue.edu,48@purdue.edu,2015-02-09 20:45:24
499,0@purdue.edu,141@purdue.edu,2015-02-09 21:16:13
500,141@purdue.edu,148@purdue.edu,2015-02-09 22:05:01
501,95@purdue.edu,86@purdue.edu,2015-02-09 22:32:02
502,95@purdue.edu,73@purdue.edu,2015-02-09 23:42:22
503,48@purdue.edu,121@purdue.edu,2015-02-10 12:20:29
504,0@purdue.edu,163@purdue.edu,2015-02-10 13:17:46
505,0@purdue.edu,79@purdue.edu,2015-02-10 15:38:15
506,0@purdue.edu,139@purdue.edu,2015-02-10 15:46:08
507,0@purdue.edu,61@purdue.edu,2015-02-10 17:08:09
508,79@purdue.edu,61@purdue.edu,2015-02-10 17:09:31
509,61@purdue.edu,26@purdue.edu,2015-02-10 17:28:56
510,26@purdue.edu,61@purdue.edu,2015-02-10 17:59:55
511,95@purdue.edu,5@purdue.edu,2015-02-10 20:03:41
512,0@purdue.edu,134@purdue.edu,2015-02-11 00:03:58
513,0@purdue.edu,40@purdue.edu,2015-02-09 15:55:03
514,0@purdue.edu,95@purdue.edu,2015-02-09 16:07:09
515,40@purdue.edu,80@purdue.edu,2015-02-09 16:12:01
516,0@purdue.edu,95@purdue.edu,2015-02-09 16:36:06
517,0@purdue.edu,115@purdue.edu,2015-02-09 17:08:10
518,40@purdue.edu,76@purdue.edu,2015-02-09 17:08:14
519,115@purdue.edu,95@purdue.edu,2015-02-09 17:09:05
520,0@purdue.edu,164@purdue.edu,2015-02-09 17:19:44
521,0@purdue.edu,68@purdue.edu,2015-02-09 17:48:02
522,164@purdue.edu,165@purdue.edu,2015-02-09 20:02:27
523,165@purdue.edu,165@purdue.edu,2015-02-09 20:07:11
524,76@purdue.edu,40@purdue.edu,2015-02-09 20:49:45
525,0@purdue.edu,47@purdue.edu,2015-02-09 21:04:07
526,165@purdue.edu,45@purdue.edu,2015-02-10 00:19:03
527,68@purdue.edu,84@purdue.edu,2015-02-10 13:01:49
528,47@purdue.edu,77@purdue.edu,2015-02-10 15:43:03
529,84@purdue.edu,145@purdue.edu,2015-02-10 17:01:29
530,77@purdue.edu,166@purdue.edu,2015-02-10 17:14:26
531,84@purdue.edu,68@purdue.edu,2015-02-10 18:01:57
532,45@purdue.edu,46@purdue.edu,2015-02-10 19:18:43
533,95@purdue.edu,140@purdue.edu,2015-02-10 20:23:06
534,77@purdue.edu,63@purdue.edu,2015-02-11 00:46:29
535,166@purdue.edu,63@purdue.edu,2015-02-11 00:46:55
536,0@purdue.edu,111@purdue.edu,2015-02-11 12:05:20
537,111@purdue.edu,47@purdue.edu,2015-02-11 13:16:06
538,0@purdue.edu,47@purdue.edu,2015-02-11 13:33:55
539,47@purdue.edu,31@purdue.edu,2015-02-11 13:38:52
540,47@purdue.edu,31@purdue.edu,2015-02-11 13:43:08
541,31@purdue.edu,47@purdue.edu,2015-02-11 13:48:43
542,0@purdue.edu,95@purdue.edu,2015-02-11 14:04:34
543,95@purdue.edu,95@purdue.edu,2015-02-11 14:05:15
544,0@purdue.edu,40@purdue.edu,2015-02-11 15:13:24
545,95@purdue.edu,95@purdue.edu,2015-02-11 15:16:46
546,95@purdue.edu,151@purdue.edu,2015-02-11 15:32:33
547,95@purdue.edu,150@purdue.edu,2015-02-11 15:51:04
548,150@purdue.edu,150@purdue.edu,2015-02-11 15:51:55
549,151@purdue.edu,4@purdue.edu,2015-02-11 16:13:58
550,95@purdue.edu,148@purdue.edu,2015-02-11 16:36:00
551,0@purdue.edu,165@purdue.edu,2015-02-11 20:02:26
552,165@purdue.edu,165@purdue.edu,2015-02-11 20:04:09
553,0@purdue.edu,167@purdue.edu,2015-02-12 14:31:04
554,167@purdue.edu,160@purdue.edu,2015-02-12 21:13:28
555,95@purdue.edu,26@purdue.edu,2015-02-12 21:32:57
556,0@purdue.edu,29@purdue.edu,2015-02-13 08:40:15
557,29@purdue.edu,29@purdue.edu,2015-02-13 08:47:28
558,29@purdue.edu,76@purdue.edu,2015-02-13 11:02:35
559,0@purdue.edu,111@purdue.edu,2015-02-11 12:04:06
560,0@purdue.edu,31@purdue.edu,2015-02-11 13:47:47
561,111@purdue.edu,30@purdue.edu,2015-02-11 13:48:59
562,31@purdue.edu,68@purdue.edu,2015-02-11 14:00:17
563,31@purdue.edu,153@purdue.edu,2015-02-11 15:42:52
564,31@purdue.edu,148@purdue.edu,2015-02-11 17:14:44
565,31@purdue.edu,165@purdue.edu,2015-02-11 20:14:10
566,111@purdue.edu,165@purdue.edu,2015-02-11 20:16:29
567,31@purdue.edu,163@purdue.edu,2015-02-12 15:50:56
568,163@purdue.edu,163@purdue.edu,2015-02-12 16:01:43
569,31@purdue.edu,26@purdue.edu,2015-02-12 21:43:53
570,26@purdue.edu,37@purdue.edu,2015-02-12 22:39:41
571,37@purdue.edu,29@purdue.edu,2015-02-13 08:57:24
572,37@purdue.edu,99@purdue.edu,2015-02-13 10:17:55
573,0@purdue.edu,61@purdue.edu,2015-02-13 15:57:29
574,0@purdue.edu,168@purdue.edu,2015-02-13 16:14:58
575,168@purdue.edu,168@purdue.edu,2015-02-13 16:15:25
576,0@purdue.edu,67@purdue.edu,2015-02-13 16:37:30
577,67@purdue.edu,67@purdue.edu,2015-02-13 17:19:13
578,168@purdue.edu,169@purdue.edu,2015-02-13 19:42:26
579,168@purdue.edu,5@purdue.edu,2015-02-13 20:42:24
580,0@purdue.edu,10@purdue.edu,2015-02-14 01:38:08
581,10@purdue.edu,10@purdue.edu,2015-02-14 01:38:37
582,168@purdue.edu,153@purdue.edu,2015-02-14 15:09:55
583,10@purdue.edu,8@purdue.edu,2015-02-14 22:48:23
584,0@purdue.edu,20@purdue.edu,2015-02-15 14:25:38
585,20@purdue.edu,56@purdue.edu,2015-02-15 14:41:21
586,0@purdue.edu,56@purdue.edu,2015-02-15 14:44:28
587,56@purdue.edu,56@purdue.edu,2015-02-15 14:45:35
588,56@purdue.edu,56@purdue.edu,2015-02-15 14:54:08
589,153@purdue.edu,151@purdue.edu,2015-02-15 15:09:48
590,168@purdue.edu,148@purdue.edu,2015-02-15 15:56:59
591,61@purdue.edu,166@purdue.edu,2015-02-15 16:41:35
592,56@purdue.edu,63@purdue.edu,2015-02-15 16:46:03
593,8@purdue.edu,10@purdue.edu,2015-02-15 17:24:07
594,5@purdue.edu,63@purdue.edu,2015-02-15 17:56:13
595,0@purdue.edu,78@purdue.edu,2015-02-15 19:07:42
596,153@purdue.edu,153@purdue.edu,2015-02-15 19:28:06
597,148@purdue.edu,10@purdue.edu,2015-02-15 19:41:24
598,56@purdue.edu,20@purdue.edu,2015-02-15 20:19:04
599,78@purdue.edu,17@purdue.edu,2015-02-15 23:24:13
600,0@purdue.edu,170@purdue.edu,2015-02-15 23:26:58
601,20@purdue.edu,170@purdue.edu,2015-02-15 23:30:59
602,168@purdue.edu,129@purdue.edu,2015-02-16 00:28:11
603,0@purdue.edu,61@purdue.edu,2015-02-13 15:58:25
604,61@purdue.edu,168@purdue.edu,2015-02-13 16:29:07
605,61@purdue.edu,115@purdue.edu,2015-02-13 17:33:37
606,0@purdue.edu,5@purdue.edu,2015-02-13 21:00:06
607,0@purdue.edu,10@purdue.edu,2015-02-14 02:10:11
608,0@purdue.edu,39@purdue.edu,2015-02-14 22:27:48
609,0@purdue.edu,150@purdue.edu,2015-02-14 23:54:53
610,39@purdue.edu,39@purdue.edu,2015-02-15 01:01:52
611,150@purdue.edu,39@purdue.edu,2015-02-15 01:02:25
612,10@purdue.edu,141@purdue.edu,2015-02-15 14:13:35
613,61@purdue.edu,148@purdue.edu,2015-02-15 16:43:55
614,141@purdue.edu,10@purdue.edu,2015-02-15 17:24:42
615,61@purdue.edu,63@purdue.edu,2015-02-15 18:51:48
616,63@purdue.edu,10@purdue.edu,2015-02-15 19:40:29
617,0@purdue.edu,171@purdue.edu,2015-02-15 21:54:25
618,61@purdue.edu,172@purdue.edu,2015-02-15 22:24:25
619,0@purdue.edu,76@purdue.edu,2015-02-16 12:08:52
620,0@purdue.edu,173@purdue.edu,2015-02-16 12:12:05
621,0@purdue.edu,40@purdue.edu,2015-02-16 12:33:05
622,0@purdue.edu,173@purdue.edu,2015-02-16 12:40:10
623,0@purdue.edu,76@purdue.edu,2015-02-16 12:41:29
624,173@purdue.edu,18@purdue.edu,2015-02-16 13:17:38
625,173@purdue.edu,133@purdue.edu,2015-02-16 13:42:20
626,173@purdue.edu,172@purdue.edu,2015-02-16 13:46:45
627,133@purdue.edu,4@purdue.edu,2015-02-16 14:29:21
628,76@purdue.edu,133@purdue.edu,2015-02-16 14:30:14
629,133@purdue.edu,4@purdue.edu,2015-02-16 14:34:09
630,4@purdue.edu,98@purdue.edu,2015-02-16 14:46:54
631,4@purdue.edu,130@purdue.edu,2015-02-16 15:04:05
632,4@purdue.edu,93@purdue.edu,2015-02-16 15:15:35
633,173@purdue.edu,68@purdue.edu,2015-02-16 15:22:07
634,40@purdue.edu,174@purdue.edu,2015-02-16 15:45:07
635,133@purdue.edu,141@purdue.edu,2015-02-16 16:03:33
636,133@purdue.edu,50@purdue.edu,2015-02-16 16:14:39
637,173@purdue.edu,76@purdue.edu,2015-02-16 16:32:53
638,76@purdue.edu,50@purdue.edu,2015-02-16 16:33:13
639,4@purdue.edu,50@purdue.edu,2015-02-16 16:43:21
640,0@purdue.edu,108@purdue.edu,2015-02-16 17:21:37
641,76@purdue.edu,164@purdue.edu,2015-02-16 17:26:32
642,40@purdue.edu,131@purdue.edu,2015-02-16 18:40:30
643,0@purdue.edu,165@purdue.edu,2015-02-16 21:24:09
644,4@purdue.edu,23@purdue.edu,2015-02-17 00:02:48
645,108@purdue.edu,23@purdue.edu,2015-02-17 00:08:38
646,0@purdue.edu,51@purdue.edu,2015-02-17 09:15:45
647,76@purdue.edu,83@purdue.edu,2015-02-17 11:19:18
648,0@purdue.edu,175@purdue.edu,2015-02-17 15:33:28
649,133@purdue.edu,77@purdue.edu,2015-02-17 16:21:51
650,0@purdue.edu,176@purdue.edu,2015-02-17 16:59:42
651,40@purdue.edu,134@purdue.edu,2015-02-17 17:14:36
652,176@purdue.edu,134@purdue.edu,2015-02-17 17:17:56
653,176@purdue.edu,134@purdue.edu,2015-02-17 17:32:38
654,4@purdue.edu,163@purdue.edu,2015-02-17 18:27:27
655,133@purdue.edu,155@purdue.edu,2015-02-17 18:29:47
656,0@purdue.edu,139@purdue.edu,2015-02-17 18:52:38
657,139@purdue.edu,78@purdue.edu,2015-02-17 20:25:07
658,139@purdue.edu,83@purdue.edu,2015-02-17 20:53:13
659,40@purdue.edu,75@purdue.edu,2015-02-17 21:18:53
660,175@purdue.edu,75@purdue.edu,2015-02-17 21:19:54
661,133@purdue.edu,10@purdue.edu,2015-02-17 22:27:16
662,0@purdue.edu,56@purdue.edu,2015-02-17 22:35:12
663,56@purdue.edu,56@purdue.edu,2015-02-17 22:46:02
664,0@purdue.edu,40@purdue.edu,2015-02-16 12:34:58
665,40@purdue.edu,177@purdue.edu,2015-02-16 13:07:55
666,0@purdue.edu,133@purdue.edu,2015-02-16 14:56:38
667,133@purdue.edu,98@purdue.edu,2015-02-16 15:14:46
668,177@purdue.edu,141@purdue.edu,2015-02-16 15:15:03
669,177@purdue.edu,130@purdue.edu,2015-02-16 15:17:53
670,98@purdue.edu,61@purdue.edu,2015-02-16 15:28:02
671,177@purdue.edu,130@purdue.edu,2015-02-16 15:28:53
672,40@purdue.edu,93@purdue.edu,2015-02-16 15:32:05
673,40@purdue.edu,64@purdue.edu,2015-02-16 15:37:51
674,0@purdue.edu,178@purdue.edu,2015-02-16 16:17:53
675,178@purdue.edu,178@purdue.edu,2015-02-16 16:18:55
676,98@purdue.edu,133@purdue.edu,2015-02-16 16:19:21
677,0@purdue.edu,76@purdue.edu,2015-02-16 16:38:07
678,0@purdue.edu,68@purdue.edu,2015-02-16 17:37:23
679,98@purdue.edu,68@purdue.edu,2015-02-16 21:29:40
680,0@purdue.edu,165@purdue.edu,2015-02-16 21:39:36
681,98@purdue.edu,50@purdue.edu,2015-02-16 23:26:29
682,68@purdue.edu,140@purdue.edu,2015-02-16 23:54:27
683,0@purdue.edu,51@purdue.edu,2015-02-17 09:12:02
684,130@purdue.edu,5@purdue.edu,2015-02-17 17:18:37
685,98@purdue.edu,163@purdue.edu,2015-02-17 18:46:48
686,40@purdue.edu,83@purdue.edu,2015-02-17 21:52:11
687,163@purdue.edu,10@purdue.edu,2015-02-17 22:28:54
688,68@purdue.edu,44@purdue.edu,2015-02-18 12:44:35
689,0@purdue.edu,54@purdue.edu,2015-02-20 12:08:02
690,0@purdue.edu,179@purdue.edu,2015-02-20 12:15:54
691,0@purdue.edu,33@purdue.edu,2015-02-20 13:28:57
692,0@purdue.edu,83@purdue.edu,2015-02-20 13:52:52
693,179@purdue.edu,83@purdue.edu,2015-02-20 14:23:24
694,0@purdue.edu,33@purdue.edu,2015-02-20 14:27:50
695,54@purdue.edu,180@purdue.edu,2015-02-20 14:41:43
696,54@purdue.edu,180@purdue.edu,2015-02-20 14:50:06
697,180@purdue.edu,33@purdue.edu,2015-02-20 15:35:40
698,0@purdue.edu,51@purdue.edu,2015-02-21 11:45:46
699,54@purdue.edu,40@purdue.edu,2015-02-21 13:11:38
700,0@purdue.edu,40@purdue.edu,2015-02-21 13:13:47
701,54@purdue.edu,176@purdue.edu,2015-02-21 16:12:01
702,176@purdue.edu,151@purdue.edu,2015-02-21 16:23:35
703,176@purdue.edu,151@purdue.edu,2015-02-21 16:50:10
704,0@purdue.edu,80@purdue.edu,2015-02-21 18:52:42
705,0@purdue.edu,181@purdue.edu,2015-02-21 19:41:42
706,40@purdue.edu,80@purdue.edu,2015-02-21 22:29:24
707,83@purdue.edu,80@purdue.edu,2015-02-21 22:32:48
708,0@purdue.edu,182@purdue.edu,2015-02-22 14:59:04
709,0@purdue.edu,182@purdue.edu,2015-02-22 15:10:15
710,0@purdue.edu,34@purdue.edu,2015-02-22 16:40:25
711,34@purdue.edu,34@purdue.edu,2015-02-22 17:01:14
712,179@purdue.edu,32@purdue.edu,2015-02-22 18:49:42
713,51@purdue.edu,183@purdue.edu,2015-02-22 19:20:08
714,182@purdue.edu,50@purdue.edu,2015-02-22 23:39:44
715,33@purdue.edu,50@purdue.edu,2015-02-22 23:42:45
716,34@purdue.edu,82@purdue.edu,2015-02-23 01:33:22
717,0@purdue.edu,184@purdue.edu,2015-02-21 11:03:26
718,0@purdue.edu,51@purdue.edu,2015-02-21 13:05:35
719,0@purdue.edu,40@purdue.edu,2015-02-21 13:30:37
720,0@purdue.edu,47@purdue.edu,2015-02-21 13:49:03
721,184@purdue.edu,77@purdue.edu,2015-02-21 13:59:34
722,0@purdue.edu,185@purdue.edu,2015-02-21 14:27:01
723,0@purdue.edu,168@purdue.edu,2015-02-21 17:35:05
724,184@purdue.edu,95@purdue.edu,2015-02-21 19:30:21
725,0@purdue.edu,171@purdue.edu,2015-02-21 20:03:49
726,0@purdue.edu,181@purdue.edu,2015-02-21 20:27:30
727,181@purdue.edu,181@purdue.edu,2015-02-21 20:51:39
728,0@purdue.edu,165@purdue.edu,2015-02-22 01:20:48
729,95@purdue.edu,45@purdue.edu,2015-02-22 13:21:33
730,165@purdue.edu,179@purdue.edu,2015-02-22 15:15:43
731,51@purdue.edu,179@purdue.edu,2015-02-22 15:19:56
732,0@purdue.edu,186@purdue.edu,2015-02-22 16:34:35
733,0@purdue.edu,34@purdue.edu,2015-02-22 17:30:38
734,0@purdue.edu,40@purdue.edu,2015-02-23 13:10:34
735,40@purdue.edu,31@purdue.edu,2015-02-23 13:24:00
736,31@purdue.edu,31@purdue.edu,2015-02-23 13:24:54
737,40@purdue.edu,18@purdue.edu,2015-02-23 14:31:16
738,40@purdue.edu,174@purdue.edu,2015-02-23 14:39:15
739,40@purdue.edu,31@purdue.edu,2015-02-23 15:35:52
740,40@purdue.edu,122@purdue.edu,2015-02-23 17:46:59
741,31@purdue.edu,122@purdue.edu,2015-02-23 17:48:48
742,122@purdue.edu,19@purdue.edu,2015-02-23 17:53:17
743,0@purdue.edu,38@purdue.edu,2015-02-23 19:16:45
744,38@purdue.edu,47@purdue.edu,2015-02-23 19:56:44
745,47@purdue.edu,38@purdue.edu,2015-02-23 20:02:41
746,47@purdue.edu,47@purdue.edu,2015-02-23 20:12:16
747,47@purdue.edu,38@purdue.edu,2015-02-23 20:12:49
748,40@purdue.edu,148@purdue.edu,2015-02-23 20:56:07
749,0@purdue.edu,85@purdue.edu,2015-02-23 23:30:12
750,85@purdue.edu,85@purdue.edu,2015-02-24 00:06:15
751,40@purdue.edu,163@purdue.edu,2015-02-24 00:27:46
752,38@purdue.edu,187@purdue.edu,2015-02-24 15:30:10
753,187@purdue.edu,187@purdue.edu,2015-02-24 15:39:40
754,18@purdue.edu,48@purdue.edu,2015-02-24 20:12:49
755,0@purdue.edu,109@purdue.edu,2015-02-24 21:47:30
756,0@purdue.edu,109@purdue.edu,2015-02-24 21:51:31
757,109@purdue.edu,50@purdue.edu,2015-02-25 01:08:13
758,0@purdue.edu,18@purdue.edu,2015-02-23 14:43:38
759,0@purdue.edu,83@purdue.edu,2015-02-23 15:10:27
760,18@purdue.edu,174@purdue.edu,2015-02-23 15:10:32
761,83@purdue.edu,83@purdue.edu,2015-02-23 15:10:51
762,0@purdue.edu,80@purdue.edu,2015-02-23 15:52:47
763,0@purdue.edu,68@purdue.edu,2015-02-23 15:58:52
764,68@purdue.edu,101@purdue.edu,2015-02-23 16:13:35
765,0@purdue.edu,93@purdue.edu,2015-02-23 16:17:29
766,93@purdue.edu,68@purdue.edu,2015-02-23 16:22:48
767,0@purdue.edu,68@purdue.edu,2015-02-23 16:25:24
768,0@purdue.edu,51@purdue.edu,2015-02-23 16:45:56
769,68@purdue.edu,4@purdue.edu,2015-02-23 17:02:09
770,4@purdue.edu,4@purdue.edu,2015-02-23 17:03:04
771,0@purdue.edu,188@purdue.edu,2015-02-23 18:51:40
772,0@purdue.edu,189@purdue.edu,2015-02-23 20:50:04
773,0@purdue.edu,92@purdue.edu,2015-02-23 21:01:28
774,93@purdue.edu,95@purdue.edu,2015-02-23 21:31:30
775,189@purdue.edu,77@purdue.edu,2015-02-23 21:36:42
776,0@purdue.edu,95@purdue.edu,2015-02-23 22:22:14
777,0@purdue.edu,95@purdue.edu,2015-02-23 22:24:55
778,95@purdue.edu,95@purdue.edu,2015-02-23 22:47:22
779,189@purdue.edu,5@purdue.edu,2015-02-23 22:48:22
780,95@purdue.edu,85@purdue.edu,2015-02-23 23:56:38
781,85@purdue.edu,85@purdue.edu,2015-02-23 23:57:12
782,95@purdue.edu,95@purdue.edu,2015-02-24 00:05:35
783,188@purdue.edu,95@purdue.edu,2015-02-24 00:27:19
784,95@purdue.edu,163@purdue.edu,2015-02-24 00:46:14
785,95@purdue.edu,7@purdue.edu,2015-02-24 13:13:46
786,93@purdue.edu,135@purdue.edu,2015-02-24 15:51:03
787,7@purdue.edu,187@purdue.edu,2015-02-24 16:21:00
788,95@purdue.edu,43@purdue.edu,2015-02-24 18:19:51
789,7@purdue.edu,163@purdue.edu,2015-02-24 22:01:34
790,68@purdue.edu,190@purdue.edu,2015-02-24 22:41:23
791,5@purdue.edu,190@purdue.edu,2015-02-24 23:11:17
792,93@purdue.edu,20@purdue.edu,2015-02-24 23:32:25
793,0@purdue.edu,109@purdue.edu,2015-02-25 13:55:22
794,109@purdue.edu,95@purdue.edu,2015-02-25 14:53:02
795,0@purdue.edu,95@purdue.edu,2015-02-25 14:53:33
796,95@purdue.edu,104@purdue.edu,2015-02-25 15:52:59
797,95@purdue.edu,93@purdue.edu,2015-02-25 16:05:01
798,0@purdue.edu,34@purdue.edu,2015-02-25 16:24:53
799,95@purdue.edu,83@purdue.edu,2015-02-25 16:50:03
800,0@purdue.edu,71@purdue.edu,2015-02-25 17:23:02
801,95@purdue.edu,67@purdue.edu,2015-02-25 17:32:13
802,104@purdue.edu,133@purdue.edu,2015-02-25 17:32:34
803,71@purdue.edu,4@purdue.edu,2015-02-25 17:42:16
804,0@purdue.edu,180@purdue.edu,2015-02-25 21:22:56
805,0@purdue.edu,36@purdue.edu,2015-02-25 21:36:47
806,36@purdue.edu,36@purdue.edu,2015-02-25 21:41:00
807,0@purdue.edu,36@purdue.edu,2015-02-25 22:09:34
808,95@purdue.edu,12@purdue.edu,2015-02-25 23:08:53
809,95@purdue.edu,151@purdue.edu,2015-02-26 12:47:45
810,95@purdue.edu,25@purdue.edu,2015-02-26 15:11:47
811,0@purdue.edu,54@purdue.edu,2015-02-26 16:47:40
812,0@purdue.edu,7@purdue.edu,2015-02-26 17:05:31
813,7@purdue.edu,165@purdue.edu,2015-02-26 17:54:37
814,95@purdue.edu,191@purdue.edu,2015-02-26 18:05:55
815,104@purdue.edu,5@purdue.edu,2015-02-26 20:14:15
816,0@purdue.edu,163@purdue.edu,2015-02-26 20:30:56
817,163@purdue.edu,82@purdue.edu,2015-02-26 20:39:13
818,82@purdue.edu,163@purdue.edu,2015-02-26 21:10:45
819,0@purdue.edu,192@purdue.edu,2015-02-26 21:29:53
820,192@purdue.edu,63@purdue.edu,2015-02-26 22:15:28
821,34@purdue.edu,11@purdue.edu,2015-02-27 02:38:01
822,0@purdue.edu,51@purdue.edu,2015-02-25 16:01:00
823,0@purdue.edu,93@purdue.edu,2015-02-25 16:07:58
824,0@purdue.edu,187@purdue.edu,2015-02-25 18:27:03
825,0@purdue.edu,34@purdue.edu,2015-02-25 19:04:30
826,187@purdue.edu,122@purdue.edu,2015-02-25 19:33:29
827,122@purdue.edu,48@purdue.edu,2015-02-25 20:11:26
828,0@purdue.edu,193@purdue.edu,2015-02-25 20:26:57
829,193@purdue.edu,95@purdue.edu,2015-02-25 21:08:57
830,0@purdue.edu,95@purdue.edu,2015-02-25 21:13:36
831,95@purdue.edu,95@purdue.edu,2015-02-25 21:54:48
832,0@purdue.edu,180@purdue.edu,2015-02-25 22:01:16
833,0@purdue.edu,194@purdue.edu,2015-02-25 22:13:48
834,95@purdue.edu,4@purdue.edu,2015-02-25 22:14:31
835,194@purdue.edu,114@purdue.edu,2015-02-25 22:14:53
836,95@purdue.edu,194@purdue.edu,2015-02-25 22:40:33
837,0@purdue.edu,50@purdue.edu,2015-02-26 01:28:35
838,0@purdue.edu,14@purdue.edu,2015-02-26 09:28:17
839,4@purdue.edu,34@purdue.edu,2015-02-26 13:20:46
840,95@purdue.edu,31@purdue.edu,2015-02-26 15:11:48
841,95@purdue.edu,160@purdue.edu,2015-02-26 15:14:20
842,95@purdue.edu,93@purdue.edu,2015-02-26 15:56:24
843,0@purdue.edu,130@purdue.edu,2015-02-26 17:26:54
844,130@purdue.edu,130@purdue.edu,2015-02-26 17:30:36
845,95@purdue.edu,54@purdue.edu,2015-02-26 17:52:47
846,54@purdue.edu,4@purdue.edu,2015-02-26 17:58:57
847,14@purdue.edu,176@purdue.edu,2015-02-26 21:05:35
848,31@purdue.edu,82@purdue.edu,2015-02-26 22:07:53
849,130@purdue.edu,50@purdue.edu,2015-02-27 00:03:50
850,95@purdue.edu,90@purdue.edu,2015-02-27 02:23:23
851,0@purdue.edu,40@purdue.edu,2015-02-27 12:58:06
852,40@purdue.edu,177@purdue.edu,2015-02-27 14:34:04
853,40@purdue.edu,4@purdue.edu,2015-02-27 14:42:29
854,4@purdue.edu,61@purdue.edu,2015-02-27 15:18:55
855,40@purdue.edu,23@purdue.edu,2015-02-27 19:36:23
856,61@purdue.edu,137@purdue.edu,2015-02-28 03:53:53
857,0@purdue.edu,137@purdue.edu,2015-02-28 04:28:59
858,0@purdue.edu,195@purdue.edu,2015-02-28 11:16:03
859,195@purdue.edu,195@purdue.edu,2015-02-28 11:19:03
860,195@purdue.edu,187@purdue.edu,2015-02-28 11:42:47
861,61@purdue.edu,163@purdue.edu,2015-02-28 11:45:38
862,61@purdue.edu,153@purdue.edu,2015-02-28 17:28:09
863,187@purdue.edu,77@purdue.edu,2015-02-28 18:02:10
864,77@purdue.edu,77@purdue.edu,2015-02-28 18:08:10
865,61@purdue.edu,77@purdue.edu,2015-02-28 18:09:37
866,0@purdue.edu,72@purdue.edu,2015-02-28 18:50:42
867,72@purdue.edu,72@purdue.edu,2015-02-28 19:05:18
868,0@purdue.edu,109@purdue.edu,2015-02-28 23:01:58
869,109@purdue.edu,141@purdue.edu,2015-03-01 09:53:48
870,0@purdue.edu,101@purdue.edu,2015-03-01 13:27:43
871,72@purdue.edu,94@purdue.edu,2015-03-01 15:12:02
872,195@purdue.edu,95@purdue.edu,2015-03-01 15:34:12
873,95@purdue.edu,71@purdue.edu,2015-03-01 16:24:18
874,101@purdue.edu,165@purdue.edu,2015-03-01 19:39:18
875,195@purdue.edu,46@purdue.edu,2015-03-01 20:10:15
876,94@purdue.edu,72@purdue.edu,2015-03-01 22:11:43
877,0@purdue.edu,66@purdue.edu,2015-03-01 23:00:33
878,0@purdue.edu,40@purdue.edu,2015-02-27 13:33:59
879,40@purdue.edu,64@purdue.edu,2015-02-27 14:28:50
880,40@purdue.edu,23@purdue.edu,2015-02-27 19:48:57
881,40@purdue.edu,70@purdue.edu,2015-02-27 20:14:29
882,0@purdue.edu,177@purdue.edu,2015-02-27 21:56:37
883,0@purdue.edu,195@purdue.edu,2015-02-28 11:54:34
884,0@purdue.edu,196@purdue.edu,2015-02-28 17:07:37
885,0@purdue.edu,72@purdue.edu,2015-02-28 18:44:24
886,196@purdue.edu,4@purdue.edu,2015-03-01 12:17:30
887,0@purdue.edu,48@purdue.edu,2015-03-01 12:51:06
888,72@purdue.edu,95@purdue.edu,2015-03-01 16:11:57
889,40@purdue.edu,44@purdue.edu,2015-03-01 16:47:48
890,48@purdue.edu,122@purdue.edu,2015-03-01 17:12:17
891,40@purdue.edu,197@purdue.edu,2015-03-01 19:10:53
892,44@purdue.edu,198@purdue.edu,2015-03-01 23:05:29
893,40@purdue.edu,199@purdue.edu,2015-03-01 23:37:14
894,44@purdue.edu,63@purdue.edu,2015-03-01 23:59:13
895,0@purdue.edu,78@purdue.edu,2015-03-02 12:17:41
896,78@purdue.edu,81@purdue.edu,2015-03-02 12:24:21
897,0@purdue.edu,181@purdue.edu,2015-03-02 12:33:11
898,81@purdue.edu,78@purdue.edu,2015-03-02 12:34:05
899,0@purdue.edu,61@purdue.edu,2015-03-02 12:49:55
900,61@purdue.edu,78@purdue.edu,2015-03-02 12:52:47
901,181@purdue.edu,200@purdue.edu,2015-03-02 13:33:30
902,0@purdue.edu,95@purdue.edu,2015-03-02 13:56:53
903,95@purdue.edu,64@purdue.edu,2015-03-02 14:26:25
904,181@purdue.edu,133@purdue.edu,2015-03-02 14:38:15
905,0@purdue.edu,93@purdue.edu,2015-03-02 15:24:54
906,133@purdue.edu,80@purdue.edu,2015-03-02 15:31:19
907,64@purdue.edu,50@purdue.edu,2015-03-02 15:41:16
908,0@purdue.edu,201@purdue.edu,2015-03-02 15:41:57
909,133@purdue.edu,122@purdue.edu,2015-03-02 15:42:59
910,133@purdue.edu,115@purdue.edu,2015-03-02 15:48:39
911,93@purdue.edu,4@purdue.edu,2015-03-02 15:49:08
912,201@purdue.edu,4@purdue.edu,2015-03-02 15:50:06
913,0@purdue.edu,93@purdue.edu,2015-03-02 15:54:43
914,201@purdue.edu,93@purdue.edu,2015-03-02 15:55:04
915,0@purdue.edu,179@purdue.edu,2015-03-02 15:57:35
916,95@purdue.edu,142@purdue.edu,2015-03-02 15:57:55
917,179@purdue.edu,151@purdue.edu,2015-03-02 15:59:21
918,151@purdue.edu,202@purdue.edu,2015-03-02 16:01:43
919,0@purdue.edu,156@purdue.edu,2015-03-02 16:16:05
920,200@purdue.edu,181@purdue.edu,2015-03-02 16:26:45
921,181@purdue.edu,181@purdue.edu,2015-03-02 16:27:47
922,201@purdue.edu,12@purdue.edu,2015-03-02 16:51:35
923,0@purdue.edu,165@purdue.edu,2015-03-02 19:11:48
924,165@purdue.edu,165@purdue.edu,2015-03-02 19:13:18
925,0@purdue.edu,165@purdue.edu,2015-03-02 19:15:27
926,0@purdue.edu,118@purdue.edu,2015-03-02 22:58:39
927,118@purdue.edu,118@purdue.edu,2015-03-02 23:00:00
928,133@purdue.edu,153@purdue.edu,2015-03-03 14:00:36
929,64@purdue.edu,203@purdue.edu,2015-03-03 16:36:33
930,118@purdue.edu,48@purdue.edu,2015-03-03 20:15:21
931,0@purdue.edu,204@purdue.edu,2015-03-03 22:08:31
932,204@purdue.edu,82@purdue.edu,2015-03-04 00:13:37
933,0@purdue.edu,90@purdue.edu,2015-03-04 02:22:55
934,0@purdue.edu,42@purdue.edu,2015-03-04 13:02:44
935,0@purdue.edu,205@purdue.edu,2015-03-04 13:28:51
936,0@purdue.edu,181@purdue.edu,2015-03-02 12:40:15
937,0@purdue.edu,78@purdue.edu,2015-03-02 12:49:37
938,78@purdue.edu,95@purdue.edu,2015-03-02 14:22:18
939,0@purdue.edu,95@purdue.edu,2015-03-02 14:39:32
940,0@purdue.edu,201@purdue.edu,2015-03-02 16:03:36
941,0@purdue.edu,76@purdue.edu,2015-03-02 16:19:15
942,95@purdue.edu,93@purdue.edu,2015-03-02 16:26:31
943,76@purdue.edu,93@purdue.edu,2015-03-02 16:28:30
944,78@purdue.edu,202@purdue.edu,2015-03-02 16:37:38
945,0@purdue.edu,179@purdue.edu,2015-03-02 16:39:59
946,181@purdue.edu,202@purdue.edu,2015-03-02 16:43:33
947,76@purdue.edu,12@purdue.edu,2015-03-02 17:22:28
948,0@purdue.edu,12@purdue.edu,2015-03-02 17:23:10
949,12@purdue.edu,12@purdue.edu,2015-03-02 17:31:43
950,181@purdue.edu,138@purdue.edu,2015-03-02 17:50:58
951,0@purdue.edu,164@purdue.edu,2015-03-02 19:01:00
952,0@purdue.edu,164@purdue.edu,2015-03-02 19:26:50
953,0@purdue.edu,104@purdue.edu,2015-03-02 19:38:56
954,95@purdue.edu,165@purdue.edu,2015-03-02 20:23:18
955,164@purdue.edu,206@purdue.edu,2015-03-02 20:33:28
956,0@purdue.edu,47@purdue.edu,2015-03-02 21:24:10
957,78@purdue.edu,91@purdue.edu,2015-03-02 21:29:28
958,164@purdue.edu,47@purdue.edu,2015-03-02 21:32:06
959,47@purdue.edu,58@purdue.edu,2015-03-02 21:57:31
960,138@purdue.edu,58@purdue.edu,2015-03-02 22:00:24
961,0@purdue.edu,36@purdue.edu,2015-03-03 01:16:20
962,179@purdue.edu,174@purdue.edu,2015-03-03 11:49:22
963,36@purdue.edu,34@purdue.edu,2015-03-03 12:01:16
964,0@purdue.edu,190@purdue.edu,2015-03-03 20:51:42
965,190@purdue.edu,43@purdue.edu,2015-03-03 21:54:24
966,0@purdue.edu,88@purdue.edu,2015-03-03 22:41:40
967,91@purdue.edu,11@purdue.edu,2015-03-04 07:23:46
968,0@purdue.edu,11@purdue.edu,2015-03-04 07:27:28
969,11@purdue.edu,11@purdue.edu,2015-03-04 07:33:29
970,0@purdue.edu,151@purdue.edu,2015-03-04 14:29:28
971,0@purdue.edu,174@purdue.edu,2015-03-04 14:30:55
972,0@purdue.edu,151@purdue.edu,2015-03-04 14:32:49
973,0@purdue.edu,179@purdue.edu,2015-03-04 14:34:40
974,174@purdue.edu,179@purdue.edu,2015-03-04 14:35:29
975,0@purdue.edu,61@purdue.edu,2015-03-04 16:46:03
976,61@purdue.edu,135@purdue.edu,2015-03-04 17:17:26
977,0@purdue.edu,190@purdue.edu,2015-03-04 22:33:34
978,190@purdue.edu,50@purdue.edu,2015-03-04 23:56:20
979,190@purdue.edu,84@purdue.edu,2015-03-05 20:19:02
980,151@purdue.edu,48@purdue.edu,2015-03-05 21:03:08
981,0@purdue.edu,82@purdue.edu,2015-03-05 23:33:48
982,82@purdue.edu,23@purdue.edu,2015-03-06 01:28:20
983,0@purdue.edu,179@purdue.edu,2015-03-04 14:31:39
984,0@purdue.edu,202@purdue.edu,2015-03-04 14:35:51
985,202@purdue.edu,179@purdue.edu,2015-03-04 14:40:33
986,179@purdue.edu,106@purdue.edu,2015-03-04 15:12:44
987,0@purdue.edu,207@purdue.edu,2015-03-04 15:25:19
988,207@purdue.edu,83@purdue.edu,2015-03-04 15:38:23
989,179@purdue.edu,18@purdue.edu,2015-03-04 16:12:54
990,207@purdue.edu,115@purdue.edu,2015-03-04 17:12:06
991,0@purdue.edu,34@purdue.edu,2015-03-04 20:12:42
992,34@purdue.edu,165@purdue.edu,2015-03-04 21:50:40
993,165@purdue.edu,190@purdue.edu,2015-03-04 23:00:51
994,0@purdue.edu,145@purdue.edu,2015-03-04 23:24:01
995,0@purdue.edu,75@purdue.edu,2015-03-05 09:59:02
996,75@purdue.edu,75@purdue.edu,2015-03-05 10:03:33
997,145@purdue.edu,75@purdue.edu,2015-03-05 10:04:15
998,190@purdue.edu,18@purdue.edu,2015-03-05 11:00:29
999,145@purdue.edu,25@purdue.edu,2015-03-05 11:04:03
1000,0@purdue.edu,197@purdue.edu,2015-03-05 18:47:46
1001,0@purdue.edu,139@purdue.edu,2015-03-05 19:05:45
1002,0@purdue.edu,47@purdue.edu,2015-03-05 19:28:33
1003,179@purdue.edu,48@purdue.edu,2015-03-05 21:04:57
1004,47@purdue.edu,43@purdue.edu,2015-03-05 22:43:38
1005,139@purdue.edu,43@purdue.edu,2015-03-05 22:51:21
1006,145@purdue.edu,43@purdue.edu,2015-03-05 23:00:45
1007,0@purdue.edu,205@purdue.edu,2015-03-05 23:07:48
1008,207@purdue.edu,49@purdue.edu,2015-03-05 23:40:59
1009,49@purdue.edu,82@purdue.edu,2015-03-06 00:13:34
1010,0@purdue.edu,18@purdue.edu,2015-03-08 17:44:12
1011,0@purdue.edu,153@purdue.edu,2015-03-10 19:07:54
1012,153@purdue.edu,18@purdue.edu,2015-03-10 20:18:29
1013,0@purdue.edu,203@purdue.edu,2015-03-10 20:54:18
1014,203@purdue.edu,203@purdue.edu,2015-03-10 21:02:36
1015,18@purdue.edu,78@purdue.edu,2015-03-10 23:46:48
1016,203@purdue.edu,200@purdue.edu,2015-03-11 01:23:17
1017,0@purdue.edu,162@purdue.edu,2015-03-11 15:58:37
1018,0@purdue.edu,153@purdue.edu,2015-03-11 16:24:59
1019,162@purdue.edu,153@purdue.edu,2015-03-11 16:27:47
1020,78@purdue.edu,77@purdue.edu,2015-03-11 18:40:39
1021,153@purdue.edu,208@purdue.edu,2015-03-11 18:53:27
1022,0@purdue.edu,149@purdue.edu,2015-03-07 14:05:32
1023,0@purdue.edu,40@purdue.edu,2015-03-08 22:00:57
1024,0@purdue.edu,5@purdue.edu,2015-03-10 23:37:47
1025,0@purdue.edu,40@purdue.edu,2015-03-11 15:37:46
1026,0@purdue.edu,176@purdue.edu,2015-03-07 17:39:46
1027,176@purdue.edu,145@purdue.edu,2015-03-07 18:17:59
1028,0@purdue.edu,133@purdue.edu,2015-03-07 19:15:03
1029,176@purdue.edu,130@purdue.edu,2015-03-07 19:51:29
1030,0@purdue.edu,47@purdue.edu,2015-03-07 20:02:54
1031,176@purdue.edu,209@purdue.edu,2015-03-07 20:14:21
1032,0@purdue.edu,107@purdue.edu,2015-03-07 21:01:26
1033,107@purdue.edu,56@purdue.edu,2015-03-07 21:24:01
1034,56@purdue.edu,52@purdue.edu,2015-03-07 21:34:23
1035,0@purdue.edu,210@purdue.edu,2015-03-07 21:36:20
1036,176@purdue.edu,133@purdue.edu,2015-03-07 21:43:24
1037,52@purdue.edu,211@purdue.edu,2015-03-07 21:47:03
1038,47@purdue.edu,211@purdue.edu,2015-03-07 21:57:28
1039,0@purdue.edu,168@purdue.edu,2015-03-08 01:36:40
1040,0@purdue.edu,93@purdue.edu,2015-03-08 12:52:58
1041,211@purdue.edu,47@purdue.edu,2015-03-08 12:54:29
1042,176@purdue.edu,12@purdue.edu,2015-03-08 17:07:24
1043,176@purdue.edu,25@purdue.edu,2015-03-08 18:14:11
1044,25@purdue.edu,25@purdue.edu,2015-03-08 18:15:35
1045,133@purdue.edu,71@purdue.edu,2015-03-08 18:17:19
1046,25@purdue.edu,71@purdue.edu,2015-03-08 18:20:52
1047,210@purdue.edu,11@purdue.edu,2015-03-08 18:54:57
1048,0@purdue.edu,40@purdue.edu,2015-03-08 19:23:12
1049,0@purdue.edu,134@purdue.edu,2015-03-08 20:03:31
1050,134@purdue.edu,134@purdue.edu,2015-03-08 20:04:33
1051,11@purdue.edu,212@purdue.edu,2015-03-09 04:13:25
1052,212@purdue.edu,11@purdue.edu,2015-03-09 10:09:28
1053,0@purdue.edu,176@purdue.edu,2015-03-07 17:41:02
1054,176@purdue.edu,135@purdue.edu,2015-03-07 17:49:36
1055,0@purdue.edu,213@purdue.edu,2015-03-07 18:26:25
1056,213@purdue.edu,64@purdue.edu,2015-03-07 18:32:55
1057,64@purdue.edu,133@purdue.edu,2015-03-07 19:20:27
1058,176@purdue.edu,209@purdue.edu,2015-03-07 20:29:22
1059,0@purdue.edu,58@purdue.edu,2015-03-07 21:36:55
1060,176@purdue.edu,5@purdue.edu,2015-03-07 23:05:27
1061,0@purdue.edu,211@purdue.edu,2015-03-07 23:16:45
1062,211@purdue.edu,211@purdue.edu,2015-03-07 23:19:33
1063,176@purdue.edu,20@purdue.edu,2015-03-07 23:43:59
1064,58@purdue.edu,58@purdue.edu,2015-03-08 00:08:58
1065,58@purdue.edu,58@purdue.edu,2015-03-08 00:09:19
1066,135@purdue.edu,23@purdue.edu,2015-03-08 11:47:29
1067,20@purdue.edu,31@purdue.edu,2015-03-08 14:55:12
1068,0@purdue.edu,95@purdue.edu,2015-03-09 14:59:36
1069,95@purdue.edu,150@purdue.edu,2015-03-09 15:10:39
1070,95@purdue.edu,95@purdue.edu,2015-03-09 15:27:26
1071,95@purdue.edu,133@purdue.edu,2015-03-09 16:00:39
1072,95@purdue.edu,150@purdue.edu,2015-03-09 16:05:46
1073,95@purdue.edu,95@purdue.edu,2015-03-09 16:21:26
1074,95@purdue.edu,104@purdue.edu,2015-03-09 16:36:03
1075,0@purdue.edu,76@purdue.edu,2015-03-09 16:44:48
1076,95@purdue.edu,133@purdue.edu,2015-03-09 18:23:35
1077,0@purdue.edu,165@purdue.edu,2015-03-09 18:57:57
1078,0@purdue.edu,148@purdue.edu,2015-03-09 19:49:48
1079,0@purdue.edu,159@purdue.edu,2015-03-09 22:31:43
1080,0@purdue.edu,159@purdue.edu,2015-03-09 22:32:04
1081,148@purdue.edu,34@purdue.edu,2015-03-10 00:10:19
1082,76@purdue.edu,52@purdue.edu,2015-03-10 09:49:15
1083,133@purdue.edu,148@purdue.edu,2015-03-10 10:31:50
1084,0@purdue.edu,72@purdue.edu,2015-03-10 12:35:08
1085,0@purdue.edu,139@purdue.edu,2015-03-10 14:43:25
1086,139@purdue.edu,206@purdue.edu,2015-03-10 20:26:33
1087,95@purdue.edu,12@purdue.edu,2015-03-10 21:04:06
1088,0@purdue.edu,214@purdue.edu,2015-03-10 21:20:00
1089,72@purdue.edu,63@purdue.edu,2015-03-10 21:50:49
1090,0@purdue.edu,82@purdue.edu,2015-03-10 22:20:08
1091,0@purdue.edu,210@purdue.edu,2015-03-11 00:27:48
1092,165@purdue.edu,11@purdue.edu,2015-03-11 03:30:33
1093,95@purdue.edu,11@purdue.edu,2015-03-11 03:33:54
1094,0@purdue.edu,71@purdue.edu,2015-03-11 11:24:58
1095,82@purdue.edu,23@purdue.edu,2015-03-12 21:50:15
1096,214@purdue.edu,42@purdue.edu,2015-03-12 21:50:30
1097,0@purdue.edu,95@purdue.edu,2015-03-09 15:53:37
1098,95@purdue.edu,133@purdue.edu,2015-03-09 16:02:31
1099,133@purdue.edu,68@purdue.edu,2015-03-09 16:26:16
1100,95@purdue.edu,95@purdue.edu,2015-03-09 16:28:51
1101,0@purdue.edu,76@purdue.edu,2015-03-09 16:30:09
1102,76@purdue.edu,95@purdue.edu,2015-03-09 16:56:58
1103,76@purdue.edu,93@purdue.edu,2015-03-09 18:14:50
1104,93@purdue.edu,93@purdue.edu,2015-03-09 18:16:50
1105,95@purdue.edu,133@purdue.edu,2015-03-09 18:21:51
1106,0@purdue.edu,34@purdue.edu,2015-03-09 23:01:53
1107,0@purdue.edu,72@purdue.edu,2015-03-09 23:42:05
1108,0@purdue.edu,18@purdue.edu,2015-03-09 23:51:42
1109,0@purdue.edu,214@purdue.edu,2015-03-10 21:21:07
1110,0@purdue.edu,63@purdue.edu,2015-03-10 22:28:30
1111,0@purdue.edu,210@purdue.edu,2015-03-11 00:28:28
1112,0@purdue.edu,125@purdue.edu,2015-03-12 18:24:35
1113,0@purdue.edu,61@purdue.edu,2015-03-12 10:54:40
1114,0@purdue.edu,175@purdue.edu,2015-03-12 12:20:25
1115,175@purdue.edu,140@purdue.edu,2015-03-12 23:22:42
1116,0@purdue.edu,83@purdue.edu,2015-03-13 14:58:18
1117,0@purdue.edu,208@purdue.edu,2015-03-13 15:40:49
1118,208@purdue.edu,177@purdue.edu,2015-03-14 10:15:57
1119,61@purdue.edu,10@purdue.edu,2015-03-20 14:48:48
1120,61@purdue.edu,95@purdue.edu,2015-03-20 18:03:32
1121,83@purdue.edu,80@purdue.edu,2015-03-20 20:34:01
1122,177@purdue.edu,109@purdue.edu,2015-03-21 19:02:56
1123,208@purdue.edu,23@purdue.edu,2015-03-22 15:27:34
1124,109@purdue.edu,34@purdue.edu,2015-03-22 18:04:42
1125,177@purdue.edu,60@purdue.edu,2015-03-22 23:09:48
1126,0@purdue.edu,61@purdue.edu,2015-03-12 10:52:57
1127,0@purdue.edu,34@purdue.edu,2015-03-12 14:09:41
1128,0@purdue.edu,172@purdue.edu,2015-03-13 00:38:25
1129,0@purdue.edu,208@purdue.edu,2015-03-13 15:56:56
1130,0@purdue.edu,160@purdue.edu,2015-03-13 16:10:47
1131,0@purdue.edu,32@purdue.edu,2015-03-19 20:02:20
1132,61@purdue.edu,10@purdue.edu,2015-03-20 14:46:52
1133,0@purdue.edu,95@purdue.edu,2015-03-20 20:21:43
1134,160@purdue.edu,95@purdue.edu,2015-03-21 15:53:34
1135,95@purdue.edu,95@purdue.edu,2015-03-21 15:53:58
1136,160@purdue.edu,95@purdue.edu,2015-03-21 18:47:38
1137,0@purdue.edu,42@purdue.edu,2015-03-22 12:29:55
1138,42@purdue.edu,12@purdue.edu,2015-03-22 15:59:41
1139,12@purdue.edu,215@purdue.edu,2015-03-30 18:47:52
1140,0@purdue.edu,122@purdue.edu,2015-03-23 16:03:10
1141,0@purdue.edu,47@purdue.edu,2015-03-23 16:03:17
1142,122@purdue.edu,47@purdue.edu,2015-03-23 16:04:40
1143,122@purdue.edu,141@purdue.edu,2015-03-23 16:07:03
1144,47@purdue.edu,216@purdue.edu,2015-03-23 16:11:33
1145,47@purdue.edu,68@purdue.edu,2015-03-23 16:14:08
1146,68@purdue.edu,68@purdue.edu,2015-03-23 16:18:41
1147,47@purdue.edu,122@purdue.edu,2015-03-23 16:41:22
1148,47@purdue.edu,18@purdue.edu,2015-03-23 16:45:06
1149,0@purdue.edu,115@purdue.edu,2015-03-23 17:04:04
1150,18@purdue.edu,169@purdue.edu,2015-03-23 17:26:20
1151,0@purdue.edu,179@purdue.edu,2015-03-23 18:10:51
1152,0@purdue.edu,87@purdue.edu,2015-03-23 21:55:18
1153,179@purdue.edu,34@purdue.edu,2015-03-23 22:12:44
1154,115@purdue.edu,92@purdue.edu,2015-03-23 23:34:06
1155,34@purdue.edu,49@purdue.edu,2015-03-24 16:16:19
1156,92@purdue.edu,109@purdue.edu,2015-03-24 21:07:43
1157,0@purdue.edu,109@purdue.edu,2015-03-24 21:27:13
1158,109@purdue.edu,56@purdue.edu,2015-03-25 00:00:20
1159,109@purdue.edu,76@purdue.edu,2015-03-25 00:02:18
1160,76@purdue.edu,109@purdue.edu,2015-03-25 00:31:33
1161,0@purdue.edu,217@purdue.edu,2015-03-25 04:30:14
1162,0@purdue.edu,10@purdue.edu,2015-03-25 09:45:07
1163,0@purdue.edu,140@purdue.edu,2015-03-23 16:42:25
1164,0@purdue.edu,122@purdue.edu,2015-03-23 16:42:51
1165,0@purdue.edu,115@purdue.edu,2015-03-23 16:57:01
1166,140@purdue.edu,133@purdue.edu,2015-03-23 16:57:34
1167,140@purdue.edu,18@purdue.edu,2015-03-23 17:18:06
1168,0@purdue.edu,179@purdue.edu,2015-03-23 18:14:18
1169,0@purdue.edu,87@purdue.edu,2015-03-23 22:22:45
1170,87@purdue.edu,87@purdue.edu,2015-03-23 22:23:24
1171,87@purdue.edu,50@purdue.edu,2015-03-24 00:34:04
1172,50@purdue.edu,87@purdue.edu,2015-03-24 11:04:30
1173,0@purdue.edu,186@purdue.edu,2015-03-24 18:02:29
1174,87@purdue.edu,50@purdue.edu,2015-03-25 00:58:23
1175,87@purdue.edu,95@purdue.edu,2015-04-01 19:51:28
1176,87@purdue.edu,95@purdue.edu,2015-04-01 19:53:50
1177,0@purdue.edu,95@purdue.edu,2015-03-25 13:18:28
1178,0@purdue.edu,20@purdue.edu,2015-03-25 13:26:49
1179,20@purdue.edu,95@purdue.edu,2015-03-25 13:41:46
1180,20@purdue.edu,78@purdue.edu,2015-03-25 13:47:34
1181,0@purdue.edu,179@purdue.edu,2015-03-25 14:18:10
1182,95@purdue.edu,17@purdue.edu,2015-03-25 15:03:43
1183,17@purdue.edu,218@purdue.edu,2015-03-25 15:08:32
1184,0@purdue.edu,219@purdue.edu,2015-03-25 15:29:39
1185,0@purdue.edu,83@purdue.edu,2015-03-25 15:31:58
1186,17@purdue.edu,18@purdue.edu,2015-03-25 16:16:29
1187,17@purdue.edu,43@purdue.edu,2015-03-25 16:22:53
1188,83@purdue.edu,77@purdue.edu,2015-03-25 17:21:04
1189,218@purdue.edu,218@purdue.edu,2015-03-25 17:27:15
1190,95@purdue.edu,126@purdue.edu,2015-03-26 00:43:23
1191,179@purdue.edu,50@purdue.edu,2015-03-26 00:49:38
1192,0@purdue.edu,10@purdue.edu,2015-03-26 12:59:22
1193,10@purdue.edu,10@purdue.edu,2015-03-26 13:00:59
1194,0@purdue.edu,171@purdue.edu,2015-03-27 01:19:47
1195,0@purdue.edu,95@purdue.edu,2015-03-25 13:24:00
1196,0@purdue.edu,179@purdue.edu,2015-03-25 14:49:04
1197,179@purdue.edu,76@purdue.edu,2015-03-25 15:04:39
1198,179@purdue.edu,95@purdue.edu,2015-03-25 15:14:47
1199,179@purdue.edu,219@purdue.edu,2015-03-25 15:50:54
1200,219@purdue.edu,95@purdue.edu,2015-03-25 16:25:34
1201,95@purdue.edu,68@purdue.edu,2015-03-25 16:38:43
1202,0@purdue.edu,104@purdue.edu,2015-03-25 16:43:25
1203,104@purdue.edu,68@purdue.edu,2015-03-25 16:50:38
1204,104@purdue.edu,18@purdue.edu,2015-03-25 16:52:04
1205,0@purdue.edu,195@purdue.edu,2015-03-25 18:42:57
1206,195@purdue.edu,174@purdue.edu,2015-03-25 19:03:50
1207,174@purdue.edu,174@purdue.edu,2015-03-25 19:04:41
1208,104@purdue.edu,125@purdue.edu,2015-03-25 19:05:36
1209,0@purdue.edu,40@purdue.edu,2015-03-25 19:34:20
1210,0@purdue.edu,148@purdue.edu,2015-03-25 20:12:47
1211,40@purdue.edu,163@purdue.edu,2015-03-25 20:26:36
1212,174@purdue.edu,20@purdue.edu,2015-03-25 20:48:15
1213,179@purdue.edu,209@purdue.edu,2015-03-25 22:58:25
1214,179@purdue.edu,50@purdue.edu,2015-03-26 01:40:03
1215,195@purdue.edu,110@purdue.edu,2015-03-26 09:48:29
1216,0@purdue.edu,191@purdue.edu,2015-03-26 12:15:17
1217,191@purdue.edu,191@purdue.edu,2015-03-26 12:25:12
1218,191@purdue.edu,33@purdue.edu,2015-03-26 14:28:22
1219,0@purdue.edu,10@purdue.edu,2015-03-26 15:10:00
1220,0@purdue.edu,10@purdue.edu,2015-03-26 15:14:26
1221,10@purdue.edu,95@purdue.edu,2015-03-26 16:43:59
1222,33@purdue.edu,169@purdue.edu,2015-03-26 16:53:20
1223,95@purdue.edu,95@purdue.edu,2015-03-26 16:57:47
1224,95@purdue.edu,95@purdue.edu,2015-03-26 17:04:08
1225,0@purdue.edu,220@purdue.edu,2015-03-26 19:25:00
1226,95@purdue.edu,10@purdue.edu,2015-03-26 23:08:31
1227,95@purdue.edu,171@purdue.edu,2015-03-27 02:21:32
1228,0@purdue.edu,171@purdue.edu,2015-03-27 02:43:50
1229,95@purdue.edu,171@purdue.edu,2015-03-27 02:47:10
1230,0@purdue.edu,171@purdue.edu,2015-03-27 02:47:42
1231,125@purdue.edu,217@purdue.edu,2015-03-27 03:24:34
1232,171@purdue.edu,217@purdue.edu,2015-03-27 03:34:24
1233,10@purdue.edu,74@purdue.edu,2015-03-27 07:00:01
1234,0@purdue.edu,77@purdue.edu,2015-03-28 12:45:49
1235,0@purdue.edu,40@purdue.edu,2015-03-28 14:26:11
1236,40@purdue.edu,206@purdue.edu,2015-03-28 14:38:53
1237,206@purdue.edu,80@purdue.edu,2015-03-28 14:41:02
1238,77@purdue.edu,52@purdue.edu,2015-03-28 15:11:06
1239,80@purdue.edu,34@purdue.edu,2015-03-28 15:18:19
1240,80@purdue.edu,80@purdue.edu,2015-03-28 15:21:19
1241,77@purdue.edu,20@purdue.edu,2015-03-28 15:27:21
1242,80@purdue.edu,34@purdue.edu,2015-03-28 15:29:35
1243,20@purdue.edu,64@purdue.edu,2015-03-28 17:04:40
1244,0@purdue.edu,52@purdue.edu,2015-03-28 17:22:21
1245,77@purdue.edu,107@purdue.edu,2015-03-28 18:28:58
1246,40@purdue.edu,180@purdue.edu,2015-03-29 01:43:24
1247,206@purdue.edu,196@purdue.edu,2015-03-29 11:50:11
1248,80@purdue.edu,32@purdue.edu,2015-03-29 12:05:34
1249,52@purdue.edu,32@purdue.edu,2015-03-29 12:08:30
1250,40@purdue.edu,77@purdue.edu,2015-03-29 12:25:55
1251,52@purdue.edu,79@purdue.edu,2015-03-29 13:37:34
1252,107@purdue.edu,76@purdue.edu,2015-03-29 14:25:18
1253,196@purdue.edu,79@purdue.edu,2015-03-29 14:59:01
1254,180@purdue.edu,122@purdue.edu,2015-03-29 15:04:31
1255,80@purdue.edu,108@purdue.edu,2015-03-29 16:22:57
1256,80@purdue.edu,32@purdue.edu,2015-03-29 17:47:11
1257,77@purdue.edu,50@purdue.edu,2015-03-30 00:12:49
1258,77@purdue.edu,213@purdue.edu,2015-03-30 09:29:13
1259,0@purdue.edu,80@purdue.edu,2015-03-28 15:30:16
1260,80@purdue.edu,101@purdue.edu,2015-03-28 17:03:49
1261,101@purdue.edu,101@purdue.edu,2015-03-28 17:06:25
1262,80@purdue.edu,12@purdue.edu,2015-03-28 17:17:17
1263,101@purdue.edu,12@purdue.edu,2015-03-28 17:27:30
1264,80@purdue.edu,64@purdue.edu,2015-03-28 17:49:25
1265,12@purdue.edu,64@purdue.edu,2015-03-28 17:50:36
1266,64@purdue.edu,200@purdue.edu,2015-03-28 18:25:41
1267,101@purdue.edu,115@purdue.edu,2015-03-28 20:25:24
1268,80@purdue.edu,131@purdue.edu,2015-03-28 21:49:36
1269,131@purdue.edu,221@purdue.edu,2015-03-28 21:57:16
1270,101@purdue.edu,211@purdue.edu,2015-03-28 21:57:20
1271,0@purdue.edu,36@purdue.edu,2015-03-28 21:58:08
1272,131@purdue.edu,107@purdue.edu,2015-03-28 22:16:46
1273,36@purdue.edu,76@purdue.edu,2015-03-29 14:37:22
1274,107@purdue.edu,126@purdue.edu,2015-03-29 14:51:10
1275,200@purdue.edu,126@purdue.edu,2015-03-29 14:55:24
1276,76@purdue.edu,122@purdue.edu,2015-03-29 15:27:45
1277,80@purdue.edu,10@purdue.edu,2015-03-29 15:32:49
1278,10@purdue.edu,34@purdue.edu,2015-03-29 19:48:57
1279,101@purdue.edu,209@purdue.edu,2015-03-29 20:03:40
1280,107@purdue.edu,221@purdue.edu,2015-03-29 20:16:29
1281,10@purdue.edu,37@purdue.edu,2015-03-29 20:24:23
1282,36@purdue.edu,25@purdue.edu,2015-03-30 00:04:56
1283,0@purdue.edu,14@purdue.edu,2015-03-30 18:30:29
1284,0@purdue.edu,131@purdue.edu,2015-03-30 18:30:42
1285,131@purdue.edu,131@purdue.edu,2015-03-30 18:32:25
1286,131@purdue.edu,215@purdue.edu,2015-03-30 18:49:03
1287,131@purdue.edu,133@purdue.edu,2015-03-30 19:04:54
1288,133@purdue.edu,180@purdue.edu,2015-03-30 19:14:24
1289,14@purdue.edu,135@purdue.edu,2015-03-30 19:18:45
1290,131@purdue.edu,135@purdue.edu,2015-03-30 19:24:29
1291,131@purdue.edu,164@purdue.edu,2015-03-30 19:39:24
1292,131@purdue.edu,164@purdue.edu,2015-03-30 19:40:14
1293,135@purdue.edu,148@purdue.edu,2015-03-30 19:46:05
1294,180@purdue.edu,115@purdue.edu,2015-03-30 20:49:22
1295,131@purdue.edu,69@purdue.edu,2015-03-30 20:50:38
1296,69@purdue.edu,115@purdue.edu,2015-03-30 20:55:48
1297,69@purdue.edu,148@purdue.edu,2015-03-30 21:00:10
1298,148@purdue.edu,22@purdue.edu,2015-03-30 21:50:05
1299,135@purdue.edu,171@purdue.edu,2015-03-31 00:52:32
1300,215@purdue.edu,133@purdue.edu,2015-03-31 09:49:03
1301,131@purdue.edu,122@purdue.edu,2015-03-31 12:47:15
1302,0@purdue.edu,77@purdue.edu,2015-03-31 13:27:05
1303,77@purdue.edu,19@purdue.edu,2015-03-31 17:56:32
1304,14@purdue.edu,26@purdue.edu,2015-03-31 19:19:27
1305,0@purdue.edu,152@purdue.edu,2015-03-31 19:42:31
1306,0@purdue.edu,171@purdue.edu,2015-03-31 20:30:19
1307,133@purdue.edu,36@purdue.edu,2015-03-31 22:17:54
1308,122@purdue.edu,17@purdue.edu,2015-03-31 23:49:07
1309,122@purdue.edu,170@purdue.edu,2015-04-01 00:11:38
1310,14@purdue.edu,172@purdue.edu,2015-04-01 00:59:21
1311,152@purdue.edu,211@purdue.edu,2015-04-01 01:50:15
1312,0@purdue.edu,95@purdue.edu,2015-03-31 11:05:42
1313,0@purdue.edu,171@purdue.edu,2015-03-31 12:04:52
1314,95@purdue.edu,148@purdue.edu,2015-03-31 12:23:11
1315,95@purdue.edu,179@purdue.edu,2015-03-31 12:43:22
1316,179@purdue.edu,52@purdue.edu,2015-03-31 13:10:37
1317,0@purdue.edu,77@purdue.edu,2015-03-31 14:09:07
1318,179@purdue.edu,125@purdue.edu,2015-03-31 14:29:13
1319,171@purdue.edu,186@purdue.edu,2015-03-31 14:34:30
1320,125@purdue.edu,95@purdue.edu,2015-03-31 14:38:12
1321,95@purdue.edu,95@purdue.edu,2015-03-31 14:38:43
1322,52@purdue.edu,14@purdue.edu,2015-03-31 15:04:22
1323,179@purdue.edu,76@purdue.edu,2015-03-31 15:49:36
1324,0@purdue.edu,52@purdue.edu,2015-03-31 18:11:11
1325,186@purdue.edu,20@purdue.edu,2015-03-31 19:00:10
1326,186@purdue.edu,31@purdue.edu,2015-03-31 19:54:25
1327,31@purdue.edu,31@purdue.edu,2015-03-31 20:04:10
1328,52@purdue.edu,83@purdue.edu,2015-03-31 20:19:46
1329,0@purdue.edu,52@purdue.edu,2015-03-31 20:39:33
1330,52@purdue.edu,134@purdue.edu,2015-03-31 20:44:12
1331,134@purdue.edu,131@purdue.edu,2015-03-31 22:50:50
1332,95@purdue.edu,12@purdue.edu,2015-04-01 00:38:03
1333,0@purdue.edu,95@purdue.edu,2015-04-01 14:09:11
1334,95@purdue.edu,128@purdue.edu,2015-04-01 15:47:55
1335,0@purdue.edu,127@purdue.edu,2015-04-01 16:24:38
1336,127@purdue.edu,107@purdue.edu,2015-04-01 16:56:02
1337,107@purdue.edu,165@purdue.edu,2015-04-01 19:00:56
1338,95@purdue.edu,95@purdue.edu,2015-04-01 19:51:02
1339,95@purdue.edu,95@purdue.edu,2015-04-01 20:43:20
1340,95@purdue.edu,95@purdue.edu,2015-04-01 21:10:04
1341,95@purdue.edu,64@purdue.edu,2015-04-01 21:24:53
1342,127@purdue.edu,95@purdue.edu,2015-04-01 21:30:03
1343,64@purdue.edu,95@purdue.edu,2015-04-01 21:34:14
1344,127@purdue.edu,148@purdue.edu,2015-04-01 23:18:43
1345,64@purdue.edu,45@purdue.edu,2015-04-02 08:48:46
1346,148@purdue.edu,89@purdue.edu,2015-04-02 10:04:01
1347,165@purdue.edu,187@purdue.edu,2015-04-02 10:05:48
1348,89@purdue.edu,187@purdue.edu,2015-04-02 10:13:29
1349,165@purdue.edu,187@purdue.edu,2015-04-02 10:21:19
1350,148@purdue.edu,33@purdue.edu,2015-04-02 12:54:59
1351,64@purdue.edu,135@purdue.edu,2015-04-02 14:31:39
1352,64@purdue.edu,64@purdue.edu,2015-04-02 15:28:17
1353,0@purdue.edu,95@purdue.edu,2015-04-02 17:12:28
1354,95@purdue.edu,208@purdue.edu,2015-04-02 17:54:07
1355,33@purdue.edu,148@purdue.edu,2015-04-02 17:54:23
1356,33@purdue.edu,148@purdue.edu,2015-04-02 17:58:12
1357,89@purdue.edu,34@purdue.edu,2015-04-02 20:41:48
1358,95@purdue.edu,110@purdue.edu,2015-04-02 20:47:51
1359,95@purdue.edu,11@purdue.edu,2015-04-03 02:25:23
1360,0@purdue.edu,95@purdue.edu,2015-04-01 15:11:29
1361,0@purdue.edu,127@purdue.edu,2015-04-01 17:10:30
1362,127@purdue.edu,208@purdue.edu,2015-04-01 17:35:00
1363,127@purdue.edu,26@purdue.edu,2015-04-01 17:44:44
1364,26@purdue.edu,108@purdue.edu,2015-04-01 18:07:00
1365,26@purdue.edu,127@purdue.edu,2015-04-01 18:24:04
1366,26@purdue.edu,165@purdue.edu,2015-04-01 19:46:18
1367,165@purdue.edu,127@purdue.edu,2015-04-01 20:54:34
1368,127@purdue.edu,133@purdue.edu,2015-04-02 09:37:29
1369,133@purdue.edu,149@purdue.edu,2015-04-02 10:05:04
1370,133@purdue.edu,148@purdue.edu,2015-04-02 10:05:43
1371,148@purdue.edu,133@purdue.edu,2015-04-02 10:10:49
1372,148@purdue.edu,133@purdue.edu,2015-04-02 10:12:30
1373,149@purdue.edu,133@purdue.edu,2015-04-02 10:15:47
1374,108@purdue.edu,211@purdue.edu,2015-04-02 21:59:21
1375,95@purdue.edu,211@purdue.edu,2015-04-02 22:04:30
1376,127@purdue.edu,211@purdue.edu,2015-04-02 22:23:02
1377,127@purdue.edu,76@purdue.edu,2015-04-02 22:56:10
1378,127@purdue.edu,211@purdue.edu,2015-04-02 23:35:49
1379,95@purdue.edu,91@purdue.edu,2015-04-03 01:04:36
1380,26@purdue.edu,222@purdue.edu,2015-04-03 01:16:05
1381,0@purdue.edu,127@purdue.edu,2015-04-03 14:26:36
1382,127@purdue.edu,213@purdue.edu,2015-04-03 15:06:59
1383,213@purdue.edu,61@purdue.edu,2015-04-03 15:12:03
1384,61@purdue.edu,96@purdue.edu,2015-04-03 16:20:12
1385,0@purdue.edu,95@purdue.edu,2015-04-03 17:34:03
1386,95@purdue.edu,95@purdue.edu,2015-04-03 17:36:18
1387,0@purdue.edu,14@purdue.edu,2015-04-03 19:29:18
1388,61@purdue.edu,76@purdue.edu,2015-04-04 00:06:18
1389,14@purdue.edu,156@purdue.edu,2015-04-04 08:15:04
1390,14@purdue.edu,18@purdue.edu,2015-04-04 14:14:07
1391,14@purdue.edu,46@purdue.edu,2015-04-04 14:20:20
1392,0@purdue.edu,52@purdue.edu,2015-04-04 16:27:14
1393,52@purdue.edu,95@purdue.edu,2015-04-04 17:34:38
1394,61@purdue.edu,115@purdue.edu,2015-04-04 17:38:39
1395,14@purdue.edu,202@purdue.edu,2015-04-04 20:08:20
1396,202@purdue.edu,202@purdue.edu,2015-04-04 20:22:49
1397,127@purdue.edu,34@purdue.edu,2015-04-05 15:46:27
1398,127@purdue.edu,36@purdue.edu,2015-04-05 17:11:10
1399,36@purdue.edu,36@purdue.edu,2015-04-05 17:12:05
1400,202@purdue.edu,5@purdue.edu,2015-04-05 21:10:32
1401,127@purdue.edu,102@purdue.edu,2015-04-06 00:15:30
1402,0@purdue.edu,14@purdue.edu,2015-04-03 20:00:25
1403,0@purdue.edu,95@purdue.edu,2015-04-03 23:27:38
1404,95@purdue.edu,95@purdue.edu,2015-04-03 23:30:00
1405,14@purdue.edu,70@purdue.edu,2015-04-04 14:31:32
1406,14@purdue.edu,18@purdue.edu,2015-04-04 14:39:22
1407,14@purdue.edu,80@purdue.edu,2015-04-04 15:48:20
1408,70@purdue.edu,93@purdue.edu,2015-04-04 15:58:17
1409,14@purdue.edu,148@purdue.edu,2015-04-04 16:48:06
1410,148@purdue.edu,95@purdue.edu,2015-04-04 17:07:51
1411,95@purdue.edu,95@purdue.edu,2015-04-04 17:08:42
1412,95@purdue.edu,148@purdue.edu,2015-04-04 17:12:19
1413,148@purdue.edu,169@purdue.edu,2015-04-04 17:23:20
1414,14@purdue.edu,95@purdue.edu,2015-04-04 17:26:40
1415,95@purdue.edu,95@purdue.edu,2015-04-04 17:28:56
1416,169@purdue.edu,95@purdue.edu,2015-04-04 17:29:42
1417,95@purdue.edu,95@purdue.edu,2015-04-04 17:30:09
1418,70@purdue.edu,211@purdue.edu,2015-04-04 17:32:24
1419,95@purdue.edu,121@purdue.edu,2015-04-04 21:37:24
1420,95@purdue.edu,148@purdue.edu,2015-04-04 22:03:40
1421,148@purdue.edu,142@purdue.edu,2015-04-04 22:55:35
1422,142@purdue.edu,52@purdue.edu,2015-04-05 18:11:29
1423,142@purdue.edu,52@purdue.edu,2015-04-05 18:37:43
1424,142@purdue.edu,90@purdue.edu,2015-04-05 21:26:21
1425,95@purdue.edu,213@purdue.edu,2015-04-06 10:22:06
1426,148@purdue.edu,216@purdue.edu,2015-04-06 12:03:05
1427,0@purdue.edu,95@purdue.edu,2015-04-06 14:13:55
1428,95@purdue.edu,223@purdue.edu,2015-04-06 15:31:31
1429,95@purdue.edu,148@purdue.edu,2015-04-06 15:46:10
1430,223@purdue.edu,108@purdue.edu,2015-04-06 15:58:24
1431,95@purdue.edu,39@purdue.edu,2015-04-06 16:15:22
1432,39@purdue.edu,165@purdue.edu,2015-04-06 16:45:44
1433,39@purdue.edu,209@purdue.edu,2015-04-06 16:46:05
1434,39@purdue.edu,165@purdue.edu,2015-04-06 17:51:09
1435,165@purdue.edu,39@purdue.edu,2015-04-06 18:02:25
1436,165@purdue.edu,39@purdue.edu,2015-04-06 18:03:21
1437,0@purdue.edu,125@purdue.edu,2015-04-06 18:17:58
1438,148@purdue.edu,95@purdue.edu,2015-04-06 20:32:40
1439,125@purdue.edu,58@purdue.edu,2015-04-06 20:43:41
1440,125@purdue.edu,63@purdue.edu,2015-04-06 21:22:38
1441,63@purdue.edu,224@purdue.edu,2015-04-06 21:34:40
1442,63@purdue.edu,165@purdue.edu,2015-04-06 21:37:48
1443,0@purdue.edu,14@purdue.edu,2015-04-06 22:45:29
1444,14@purdue.edu,79@purdue.edu,2015-04-06 22:52:22
1445,14@purdue.edu,58@purdue.edu,2015-04-06 22:53:40
1446,0@purdue.edu,52@purdue.edu,2015-04-06 22:57:18
1447,52@purdue.edu,79@purdue.edu,2015-04-06 23:09:54
1448,95@purdue.edu,150@purdue.edu,2015-04-06 23:32:51
1449,209@purdue.edu,77@purdue.edu,2015-04-07 00:02:27
1450,209@purdue.edu,77@purdue.edu,2015-04-07 00:32:55
1451,165@purdue.edu,52@purdue.edu,2015-04-07 10:49:29
1452,165@purdue.edu,209@purdue.edu,2015-04-07 11:49:05
1453,150@purdue.edu,77@purdue.edu,2015-04-07 13:00:18
1454,165@purdue.edu,33@purdue.edu,2015-04-07 14:19:41
1455,58@purdue.edu,82@purdue.edu,2015-04-07 20:18:15
1456,0@purdue.edu,225@purdue.edu,2015-04-07 20:21:36
1457,82@purdue.edu,82@purdue.edu,2015-04-07 20:30:55
1458,165@purdue.edu,82@purdue.edu,2015-04-07 20:33:01
1459,225@purdue.edu,82@purdue.edu,2015-04-07 20:34:12
1460,209@purdue.edu,115@purdue.edu,2015-04-07 20:41:29
1461,82@purdue.edu,26@purdue.edu,2015-04-07 20:45:07
1462,82@purdue.edu,225@purdue.edu,2015-04-07 20:49:52
1463,52@purdue.edu,95@purdue.edu,2015-04-07 20:50:30
1464,165@purdue.edu,82@purdue.edu,2015-04-07 22:09:11
1465,0@purdue.edu,95@purdue.edu,2015-04-07 22:12:26
1466,82@purdue.edu,82@purdue.edu,2015-04-07 22:22:25
1467,95@purdue.edu,55@purdue.edu,2015-04-07 22:30:36
1468,95@purdue.edu,95@purdue.edu,2015-04-07 22:45:00
1469,95@purdue.edu,95@purdue.edu,2015-04-07 23:05:03
1470,95@purdue.edu,144@purdue.edu,2015-04-07 23:21:58
1471,95@purdue.edu,213@purdue.edu,2015-04-07 23:46:11
1472,108@purdue.edu,172@purdue.edu,2015-04-08 00:21:45
1473,95@purdue.edu,50@purdue.edu,2015-04-08 02:19:55
1474,0@purdue.edu,95@purdue.edu,2015-04-06 14:30:37
1475,95@purdue.edu,223@purdue.edu,2015-04-06 15:34:30
1476,95@purdue.edu,148@purdue.edu,2015-04-06 16:02:56
1477,223@purdue.edu,108@purdue.edu,2015-04-06 16:17:44
1478,148@purdue.edu,115@purdue.edu,2015-04-06 16:18:42
1479,148@purdue.edu,108@purdue.edu,2015-04-06 16:20:56
1480,223@purdue.edu,209@purdue.edu,2015-04-06 17:13:12
1481,95@purdue.edu,95@purdue.edu,2015-04-06 20:40:23
1482,95@purdue.edu,213@purdue.edu,2015-04-08 00:11:09
1483,213@purdue.edu,10@purdue.edu,2015-04-08 10:56:39
1484,0@purdue.edu,104@purdue.edu,2015-04-08 16:23:01
1485,104@purdue.edu,61@purdue.edu,2015-04-08 17:05:48
1486,104@purdue.edu,226@purdue.edu,2015-04-08 17:12:18
1487,104@purdue.edu,227@purdue.edu,2015-04-08 17:14:10
1488,227@purdue.edu,132@purdue.edu,2015-04-08 17:23:36
1489,104@purdue.edu,68@purdue.edu,2015-04-08 19:55:31
1490,68@purdue.edu,33@purdue.edu,2015-04-08 20:32:24
1491,33@purdue.edu,165@purdue.edu,2015-04-08 23:30:29
1492,104@purdue.edu,156@purdue.edu,2015-04-08 23:48:27
1493,156@purdue.edu,172@purdue.edu,2015-04-09 01:06:20
1494,156@purdue.edu,39@purdue.edu,2015-04-09 01:53:33
1495,39@purdue.edu,39@purdue.edu,2015-04-09 01:58:13
1496,156@purdue.edu,200@purdue.edu,2015-04-09 10:52:42
1497,33@purdue.edu,68@purdue.edu,2015-04-09 11:19:56
1498,200@purdue.edu,10@purdue.edu,2015-04-09 17:27:30
1499,200@purdue.edu,187@purdue.edu,2015-04-09 18:34:46
1500,0@purdue.edu,85@purdue.edu,2015-04-09 21:40:52
1501,85@purdue.edu,135@purdue.edu,2015-04-09 22:37:06
1502,135@purdue.edu,213@purdue.edu,2015-04-09 22:46:27
1503,0@purdue.edu,228@purdue.edu,2015-04-08 22:58:24
1504,0@purdue.edu,95@purdue.edu,2015-04-09 00:03:26
1505,95@purdue.edu,95@purdue.edu,2015-04-09 00:09:25
1506,228@purdue.edu,165@purdue.edu,2015-04-09 00:20:14
1507,95@purdue.edu,95@purdue.edu,2015-04-09 00:24:38
1508,228@purdue.edu,172@purdue.edu,2015-04-09 01:31:03
1509,95@purdue.edu,54@purdue.edu,2015-04-09 12:53:07
1510,54@purdue.edu,133@purdue.edu,2015-04-09 13:10:44
1511,172@purdue.edu,135@purdue.edu,2015-04-09 14:02:38
1512,54@purdue.edu,76@purdue.edu,2015-04-09 14:10:00
1513,135@purdue.edu,177@purdue.edu,2015-04-09 14:13:56
1514,135@purdue.edu,77@purdue.edu,2015-04-09 16:45:08
1515,0@purdue.edu,224@purdue.edu,2015-04-09 18:00:10
1516,135@purdue.edu,110@purdue.edu,2015-04-09 19:57:30
1517,224@purdue.edu,191@purdue.edu,2015-04-09 20:28:07
1518,191@purdue.edu,79@purdue.edu,2015-04-09 20:55:31
1519,224@purdue.edu,61@purdue.edu,2015-04-09 21:46:07
1520,191@purdue.edu,91@purdue.edu,2015-04-09 22:19:21
1521,0@purdue.edu,14@purdue.edu,2015-04-09 22:24:17
1522,191@purdue.edu,82@purdue.edu,2015-04-09 22:34:52
1523,191@purdue.edu,82@purdue.edu,2015-04-09 22:36:22
1524,82@purdue.edu,148@purdue.edu,2015-04-09 23:29:32
1525,14@purdue.edu,148@purdue.edu,2015-04-09 23:50:17
1526,148@purdue.edu,206@purdue.edu,2015-04-10 00:34:28
1527,82@purdue.edu,200@purdue.edu,2015-04-10 01:13:54
1528,0@purdue.edu,22@purdue.edu,2015-04-13 12:42:34
1529,22@purdue.edu,77@purdue.edu,2015-04-13 12:59:16
1530,0@purdue.edu,77@purdue.edu,2015-04-13 13:08:06
1531,22@purdue.edu,179@purdue.edu,2015-04-13 14:14:36
1532,179@purdue.edu,179@purdue.edu,2015-04-13 14:17:04
1533,179@purdue.edu,179@purdue.edu,2015-04-13 14:18:20
1534,77@purdue.edu,40@purdue.edu,2015-04-13 14:23:57
1535,0@purdue.edu,95@purdue.edu,2015-04-13 14:44:16
1536,95@purdue.edu,4@purdue.edu,2015-04-13 14:48:39
1537,95@purdue.edu,95@purdue.edu,2015-04-13 15:08:36
1538,0@purdue.edu,181@purdue.edu,2015-04-13 15:47:13
1539,95@purdue.edu,151@purdue.edu,2015-04-13 17:03:15
1540,77@purdue.edu,115@purdue.edu,2015-04-13 17:40:38
1541,95@purdue.edu,165@purdue.edu,2015-04-13 19:51:19
1542,151@purdue.edu,165@purdue.edu,2015-04-13 19:52:17
1543,95@purdue.edu,14@purdue.edu,2015-04-13 20:00:49
1544,14@purdue.edu,14@purdue.edu,2015-04-13 20:01:19
1545,95@purdue.edu,18@purdue.edu,2015-04-13 20:40:54
1546,14@purdue.edu,95@purdue.edu,2015-04-13 23:19:24
1547,18@purdue.edu,135@purdue.edu,2015-04-13 23:49:23
1548,77@purdue.edu,8@purdue.edu,2015-04-14 09:33:49
1549,8@purdue.edu,8@purdue.edu,2015-04-14 09:44:20
1550,77@purdue.edu,77@purdue.edu,2015-04-14 12:32:52
1551,165@purdue.edu,61@purdue.edu,2015-04-14 15:01:54
1552,95@purdue.edu,95@purdue.edu,2015-04-14 16:04:32
1553,95@purdue.edu,134@purdue.edu,2015-04-14 18:50:57
1554,77@purdue.edu,134@purdue.edu,2015-04-14 18:52:13
1555,40@purdue.edu,134@purdue.edu,2015-04-14 18:53:39
1556,22@purdue.edu,172@purdue.edu,2015-04-14 20:38:43
1557,95@purdue.edu,222@purdue.edu,2015-04-14 23:12:52
1558,0@purdue.edu,95@purdue.edu,2015-04-13 15:19:04
1559,95@purdue.edu,95@purdue.edu,2015-04-13 15:19:19
1560,0@purdue.edu,181@purdue.edu,2015-04-13 15:45:16
1561,95@purdue.edu,148@purdue.edu,2015-04-13 16:06:35
1562,95@purdue.edu,12@purdue.edu,2015-04-13 16:30:00
1563,95@purdue.edu,83@purdue.edu,2015-04-13 16:55:04
1564,95@purdue.edu,153@purdue.edu,2015-04-13 17:10:27
1565,83@purdue.edu,206@purdue.edu,2015-04-13 17:14:58
1566,95@purdue.edu,19@purdue.edu,2015-04-13 18:09:23
1567,19@purdue.edu,229@purdue.edu,2015-04-13 18:20:21
1568,19@purdue.edu,195@purdue.edu,2015-04-13 18:23:14
1569,19@purdue.edu,8@purdue.edu,2015-04-14 10:01:29
1570,181@purdue.edu,47@purdue.edu,2015-04-14 10:42:25
1571,8@purdue.edu,133@purdue.edu,2015-04-14 10:42:43
1572,153@purdue.edu,133@purdue.edu,2015-04-14 10:43:43
1573,153@purdue.edu,77@purdue.edu,2015-04-14 12:56:57
1574,8@purdue.edu,99@purdue.edu,2015-04-14 18:13:54
1575,0@purdue.edu,52@purdue.edu,2015-04-14 18:46:20
1576,8@purdue.edu,134@purdue.edu,2015-04-14 21:17:27
1577,52@purdue.edu,230@purdue.edu,2015-04-14 22:14:31
1578,0@purdue.edu,104@purdue.edu,2015-04-15 17:39:49
1579,104@purdue.edu,165@purdue.edu,2015-04-15 18:53:42
1580,165@purdue.edu,165@purdue.edu,2015-04-15 18:55:18
1581,165@purdue.edu,165@purdue.edu,2015-04-15 18:55:45
1582,104@purdue.edu,68@purdue.edu,2015-04-15 19:08:47
1583,104@purdue.edu,95@purdue.edu,2015-04-15 19:35:17
1584,104@purdue.edu,148@purdue.edu,2015-04-15 20:32:30
1585,148@purdue.edu,148@purdue.edu,2015-04-15 20:44:45
1586,104@purdue.edu,14@purdue.edu,2015-04-15 20:59:51
1587,14@purdue.edu,148@purdue.edu,2015-04-15 22:02:30
1588,148@purdue.edu,187@purdue.edu,2015-04-16 19:59:01
1589,148@purdue.edu,208@purdue.edu,2015-04-16 20:19:32
1590,208@purdue.edu,148@purdue.edu,2015-04-16 20:40:43
1591,208@purdue.edu,148@purdue.edu,2015-04-16 20:41:36
1592,0@purdue.edu,127@purdue.edu,2015-04-15 16:52:29
1593,127@purdue.edu,165@purdue.edu,2015-04-15 18:40:58
1594,165@purdue.edu,115@purdue.edu,2015-04-15 19:21:06
1595,165@purdue.edu,95@purdue.edu,2015-04-15 19:23:26
1596,95@purdue.edu,80@purdue.edu,2015-04-15 19:27:25
1597,127@purdue.edu,148@purdue.edu,2015-04-15 20:01:51
1598,148@purdue.edu,76@purdue.edu,2015-04-15 20:20:52
1599,76@purdue.edu,148@purdue.edu,2015-04-15 20:36:57
1600,148@purdue.edu,76@purdue.edu,2015-04-15 21:03:36
1601,148@purdue.edu,76@purdue.edu,2015-04-15 21:05:51
1602,148@purdue.edu,206@purdue.edu,2015-04-15 21:12:20
1603,206@purdue.edu,148@purdue.edu,2015-04-15 21:36:15
1604,148@purdue.edu,77@purdue.edu,2015-04-16 13:34:09
1605,148@purdue.edu,14@purdue.edu,2015-04-16 15:56:00
1606,148@purdue.edu,187@purdue.edu,2015-04-16 16:14:35
1607,127@purdue.edu,156@purdue.edu,2015-04-16 16:37:48
1608,156@purdue.edu,121@purdue.edu,2015-04-16 18:15:26
1609,127@purdue.edu,172@purdue.edu,2015-04-16 19:15:07
1610,0@purdue.edu,14@purdue.edu,2015-04-17 13:15:21
1611,14@purdue.edu,76@purdue.edu,2015-04-17 15:47:45
1612,76@purdue.edu,14@purdue.edu,2015-04-17 15:51:46
1613,14@purdue.edu,18@purdue.edu,2015-04-17 17:12:07
1614,14@purdue.edu,80@purdue.edu,2015-04-17 17:52:55
1615,18@purdue.edu,195@purdue.edu,2015-04-17 18:04:34
1616,0@purdue.edu,52@purdue.edu,2015-04-17 18:36:43
1617,18@purdue.edu,76@purdue.edu,2015-04-17 22:26:51
1618,52@purdue.edu,141@purdue.edu,2015-04-18 09:31:40
1619,141@purdue.edu,19@purdue.edu,2015-04-18 10:44:16
1620,14@purdue.edu,211@purdue.edu,2015-04-18 17:15:23
1621,76@purdue.edu,121@purdue.edu,2015-04-18 18:09:04
1622,80@purdue.edu,169@purdue.edu,2015-04-18 21:17:06
1623,211@purdue.edu,211@purdue.edu,2015-04-18 21:41:27
1624,14@purdue.edu,109@purdue.edu,2015-04-18 23:29:20
1625,0@purdue.edu,152@purdue.edu,2015-04-19 13:18:07
1626,152@purdue.edu,31@purdue.edu,2015-04-19 13:25:13
1627,76@purdue.edu,12@purdue.edu,2015-04-19 15:07:05
1628,0@purdue.edu,50@purdue.edu,2015-04-19 19:30:58
1629,50@purdue.edu,191@purdue.edu,2015-04-20 00:12:22
1630,18@purdue.edu,231@purdue.edu,2015-05-01 12:50:57
1631,0@purdue.edu,14@purdue.edu,2015-04-17 13:25:01
1632,14@purdue.edu,106@purdue.edu,2015-04-17 14:19:20
1633,106@purdue.edu,64@purdue.edu,2015-04-17 15:36:51
1634,106@purdue.edu,76@purdue.edu,2015-04-17 16:22:37
1635,14@purdue.edu,18@purdue.edu,2015-04-17 17:22:21
1636,106@purdue.edu,213@purdue.edu,2015-04-17 18:25:23
1637,14@purdue.edu,95@purdue.edu,2015-04-18 16:51:01
1638,95@purdue.edu,121@purdue.edu,2015-04-18 18:34:27
1639,14@purdue.edu,137@purdue.edu,2015-04-18 18:42:10
1640,121@purdue.edu,137@purdue.edu,2015-04-18 18:51:50
1641,137@purdue.edu,126@purdue.edu,2015-04-18 19:48:10
1642,14@purdue.edu,126@purdue.edu,2015-04-18 19:50:04
1643,121@purdue.edu,31@purdue.edu,2015-04-19 13:10:46
1644,126@purdue.edu,37@purdue.edu,2015-04-19 22:43:26
1645,0@purdue.edu,95@purdue.edu,2015-04-20 13:45:08
1646,0@purdue.edu,95@purdue.edu,2015-04-20 13:47:40
1647,95@purdue.edu,232@purdue.edu,2015-04-20 14:34:10
1648,232@purdue.edu,106@purdue.edu,2015-04-20 14:36:27
1649,232@purdue.edu,133@purdue.edu,2015-04-20 14:54:50
1650,133@purdue.edu,106@purdue.edu,2015-04-20 15:06:16
1651,133@purdue.edu,68@purdue.edu,2015-04-20 15:22:34
1652,95@purdue.edu,93@purdue.edu,2015-04-20 15:56:23
1653,95@purdue.edu,163@purdue.edu,2015-04-20 18:31:41
1654,163@purdue.edu,163@purdue.edu,2015-04-21 17:11:43
1655,0@purdue.edu,77@purdue.edu,2015-04-21 22:39:17
1656,133@purdue.edu,19@purdue.edu,2015-04-23 21:18:10
1657,133@purdue.edu,19@purdue.edu,2015-04-23 21:19:44
1658,95@purdue.edu,8@purdue.edu,2015-04-23 23:15:15
1659,133@purdue.edu,233@purdue.edu,2015-04-24 00:43:40
1660,77@purdue.edu,34@purdue.edu,2015-04-24 00:46:19
1661,95@purdue.edu,234@purdue.edu,2015-04-24 06:29:57
1662,0@purdue.edu,95@purdue.edu,2015-04-20 14:37:35
1663,95@purdue.edu,95@purdue.edu,2015-04-20 14:38:09
1664,95@purdue.edu,83@purdue.edu,2015-04-20 16:15:56
1665,95@purdue.edu,235@purdue.edu,2015-04-20 20:27:22
1666,95@purdue.edu,63@purdue.edu,2015-04-20 20:41:33
1667,235@purdue.edu,63@purdue.edu,2015-04-20 20:43:31
1668,95@purdue.edu,95@purdue.edu,2015-04-20 22:05:22
1669,95@purdue.edu,163@purdue.edu,2015-04-21 12:07:45
1670,95@purdue.edu,150@purdue.edu,2015-04-22 14:10:38
1671,95@purdue.edu,169@purdue.edu,2015-04-23 00:49:54
1672,95@purdue.edu,149@purdue.edu,2015-04-23 13:53:35
1673,163@purdue.edu,77@purdue.edu,2015-04-23 20:02:08
1674,149@purdue.edu,102@purdue.edu,2015-04-23 22:05:22
1675,63@purdue.edu,113@purdue.edu,2015-04-24 10:49:48
1676,163@purdue.edu,34@purdue.edu,2015-04-24 11:00:33
1677,0@purdue.edu,236@purdue.edu,2015-04-24 13:17:36
1678,236@purdue.edu,64@purdue.edu,2015-04-24 13:55:20
1679,236@purdue.edu,111@purdue.edu,2015-04-24 20:30:33
1680,0@purdue.edu,219@purdue.edu,2015-04-24 23:37:15
1681,236@purdue.edu,149@purdue.edu,2015-04-25 10:32:30
1682,219@purdue.edu,102@purdue.edu,2015-04-25 17:20:39
1683,102@purdue.edu,85@purdue.edu,2015-04-26 19:28:46
1684,219@purdue.edu,213@purdue.edu,2015-04-26 20:53:15
1685,219@purdue.edu,213@purdue.edu,2015-04-26 20:55:14
1686,0@purdue.edu,45@purdue.edu,2015-04-24 15:30:14
1687,45@purdue.edu,115@purdue.edu,2015-04-24 17:15:57
1688,45@purdue.edu,195@purdue.edu,2015-04-24 17:31:54
1689,195@purdue.edu,45@purdue.edu,2015-04-24 20:58:34
1690,45@purdue.edu,111@purdue.edu,2015-04-24 21:27:00
1691,0@purdue.edu,219@purdue.edu,2015-04-25 00:20:44
1692,219@purdue.edu,8@purdue.edu,2015-04-25 14:17:41
1693,8@purdue.edu,219@purdue.edu,2015-04-25 17:36:59
1694,0@purdue.edu,52@purdue.edu,2015-04-25 18:22:33
1695,52@purdue.edu,34@purdue.edu,2015-04-25 20:04:51
1696,34@purdue.edu,34@purdue.edu,2015-04-25 20:09:38
1697,111@purdue.edu,169@purdue.edu,2015-04-25 20:20:40
1698,0@purdue.edu,237@purdue.edu,2015-04-25 23:07:12
1699,0@purdue.edu,237@purdue.edu,2015-04-25 23:07:55
1700,52@purdue.edu,108@purdue.edu,2015-04-26 10:38:23
1701,237@purdue.edu,95@purdue.edu,2015-04-26 15:40:17
1702,45@purdue.edu,148@purdue.edu,2015-04-26 17:22:57
1703,0@purdue.edu,95@purdue.edu,2015-04-26 18:43:42
1704,95@purdue.edu,95@purdue.edu,2015-04-26 18:44:26
1705,45@purdue.edu,213@purdue.edu,2015-04-26 21:51:30
1706,45@purdue.edu,213@purdue.edu,2015-04-26 21:52:39
1707,52@purdue.edu,132@purdue.edu,2015-04-27 00:02:41
1708,52@purdue.edu,91@purdue.edu,2015-04-27 02:12:22
1709,95@purdue.edu,11@purdue.edu,2015-04-27 05:32:14
1710,45@purdue.edu,231@purdue.edu,2015-05-01 13:03:28
1711,0@purdue.edu,236@purdue.edu,2015-04-27 15:11:53
1712,236@purdue.edu,122@purdue.edu,2015-04-27 16:34:06
1713,236@purdue.edu,111@purdue.edu,2015-04-27 16:36:09
1714,0@purdue.edu,95@purdue.edu,2015-04-27 17:04:43
1715,111@purdue.edu,34@purdue.edu,2015-04-27 18:54:36
1716,95@purdue.edu,34@purdue.edu,2015-04-27 18:56:06
1717,0@purdue.edu,137@purdue.edu,2015-04-27 18:57:34
1718,34@purdue.edu,34@purdue.edu,2015-04-27 18:59:44
1719,95@purdue.edu,137@purdue.edu,2015-04-27 19:02:17
1720,137@purdue.edu,111@purdue.edu,2015-04-27 19:02:58
1721,137@purdue.edu,34@purdue.edu,2015-04-27 19:03:33
1722,34@purdue.edu,111@purdue.edu,2015-04-27 19:04:23
1723,137@purdue.edu,137@purdue.edu,2015-04-27 19:05:11
1724,34@purdue.edu,95@purdue.edu,2015-04-27 22:05:56
1725,111@purdue.edu,95@purdue.edu,2015-04-27 22:10:27
1726,95@purdue.edu,214@purdue.edu,2015-04-28 11:48:08
1727,95@purdue.edu,35@purdue.edu,2015-04-28 13:50:15
1728,0@purdue.edu,37@purdue.edu,2015-04-28 15:54:32
1729,95@purdue.edu,144@purdue.edu,2015-04-28 21:02:39
1730,144@purdue.edu,52@purdue.edu,2015-04-28 21:45:38
1731,144@purdue.edu,134@purdue.edu,2015-04-28 22:07:39
1732,35@purdue.edu,109@purdue.edu,2015-04-28 23:50:56
1733,236@purdue.edu,172@purdue.edu,2015-04-29 01:20:48
1734,134@purdue.edu,233@purdue.edu,2015-04-29 01:24:41
1735,0@purdue.edu,90@purdue.edu,2015-04-29 01:32:37
1736,137@purdue.edu,163@purdue.edu,2015-04-29 08:10:47
1737,236@purdue.edu,231@purdue.edu,2015-05-01 13:02:00
1738,0@purdue.edu,77@purdue.edu,2015-04-27 18:07:38
1739,77@purdue.edu,195@purdue.edu,2015-04-27 18:20:26
1740,77@purdue.edu,111@purdue.edu,2015-04-27 18:56:40
1741,0@purdue.edu,34@purdue.edu,2015-04-27 19:29:52
1742,34@purdue.edu,83@purdue.edu,2015-04-27 19:41:35
1743,0@purdue.edu,219@purdue.edu,2015-04-27 20:47:05
1744,77@purdue.edu,77@purdue.edu,2015-04-27 21:24:07
1745,0@purdue.edu,95@purdue.edu,2015-04-27 23:43:52
1746,111@purdue.edu,142@purdue.edu,2015-04-28 00:02:17
1747,77@purdue.edu,18@purdue.edu,2015-04-28 00:24:46
1748,18@purdue.edu,18@purdue.edu,2015-04-28 00:25:41
1749,18@purdue.edu,214@purdue.edu,2015-04-28 11:46:28
1750,219@purdue.edu,46@purdue.edu,2015-04-28 20:13:37
1751,34@purdue.edu,63@purdue.edu,2015-04-28 21:50:39
1752,214@purdue.edu,172@purdue.edu,2015-04-29 00:56:55
1753,46@purdue.edu,233@purdue.edu,2015-04-29 01:20:07
1754,0@purdue.edu,20@purdue.edu,2015-04-29 15:17:14
1755,20@purdue.edu,127@purdue.edu,2015-04-29 15:30:11
1756,20@purdue.edu,206@purdue.edu,2015-04-29 15:32:49
1757,206@purdue.edu,206@purdue.edu,2015-04-29 15:35:27
1758,127@purdue.edu,61@purdue.edu,2015-04-29 15:41:30
1759,127@purdue.edu,32@purdue.edu,2015-04-29 16:55:22
1760,127@purdue.edu,125@purdue.edu,2015-04-29 17:03:50
1761,32@purdue.edu,5@purdue.edu,2015-04-29 21:26:12
1762,0@purdue.edu,24@purdue.edu,2015-04-29 21:32:12
1763,24@purdue.edu,24@purdue.edu,2015-04-29 21:44:57
1764,125@purdue.edu,34@purdue.edu,2015-04-29 21:54:11
1765,125@purdue.edu,142@purdue.edu,2015-04-29 22:02:30
1766,20@purdue.edu,111@purdue.edu,2015-04-29 22:29:21
1767,127@purdue.edu,111@purdue.edu,2015-04-29 22:29:41
1768,127@purdue.edu,8@purdue.edu,2015-04-29 22:33:21
1769,24@purdue.edu,76@purdue.edu,2015-04-30 14:54:38
1770,0@purdue.edu,171@purdue.edu,2015-04-30 15:20:40
1771,171@purdue.edu,171@purdue.edu,2015-04-30 15:21:41
1772,0@purdue.edu,171@purdue.edu,2015-04-30 15:22:27
1773,20@purdue.edu,182@purdue.edu,2015-04-30 20:27:52
1774,182@purdue.edu,126@purdue.edu,2015-04-30 22:52:31
1775,76@purdue.edu,233@purdue.edu,2015-04-30 23:39:46
1776,171@purdue.edu,140@purdue.edu,2015-05-01 00:12:09
1777,127@purdue.edu,214@purdue.edu,2015-05-01 01:08:30
1778,8@purdue.edu,109@purdue.edu,2015-05-01 01:48:42
1779,127@purdue.edu,10@purdue.edu,2015-05-01 10:49:03
1780,10@purdue.edu,10@purdue.edu,2015-05-01 10:50:00
1781,171@purdue.edu,181@purdue.edu,2015-05-01 12:57:17
1782,20@purdue.edu,231@purdue.edu,2015-05-01 13:01:07
1783,0@purdue.edu,181@purdue.edu,2015-05-01 13:01:29
1784,8@purdue.edu,44@purdue.edu,2015-05-01 13:39:36
1785,0@purdue.edu,127@purdue.edu,2015-04-29 16:25:29
1786,127@purdue.edu,135@purdue.edu,2015-04-29 16:38:37
1787,127@purdue.edu,125@purdue.edu,2015-04-29 17:18:37
1788,0@purdue.edu,20@purdue.edu,2015-04-29 19:17:10
1789,127@purdue.edu,33@purdue.edu,2015-04-29 19:31:33
1790,127@purdue.edu,202@purdue.edu,2015-04-29 20:22:13
1791,20@purdue.edu,34@purdue.edu,2015-04-29 22:36:50
1792,202@purdue.edu,139@purdue.edu,2015-04-30 13:43:25
1793,34@purdue.edu,24@purdue.edu,2015-04-30 13:49:52
1794,127@purdue.edu,182@purdue.edu,2015-04-30 20:34:37
1795,24@purdue.edu,182@purdue.edu,2015-04-30 20:42:52
1796,24@purdue.edu,182@purdue.edu,2015-04-30 20:45:27
1797,127@purdue.edu,26@purdue.edu,2015-04-30 21:47:52
1798,26@purdue.edu,23@purdue.edu,2015-04-30 23:15:08
1799,24@purdue.edu,233@purdue.edu,2015-04-30 23:51:47
1800,202@purdue.edu,214@purdue.edu,2015-05-01 01:08:09
1801,23@purdue.edu,109@purdue.edu,2015-05-01 02:21:34
1802,20@purdue.edu,35@purdue.edu,2015-05-01 08:11:20
1803,202@purdue.edu,113@purdue.edu,2015-05-01 10:29:36
1804,24@purdue.edu,113@purdue.edu,2015-05-01 10:33:29
1805,127@purdue.edu,231@purdue.edu,2015-05-01 13:00:12
1806,20@purdue.edu,181@purdue.edu,2015-05-01 13:06:59
1807,139@purdue.edu,44@purdue.edu,2015-05-01 13:40:29
1808,34@purdue.edu,44@purdue.edu,2015-05-01 13:41:03
1809,0@purdue.edu,12@purdue.edu,2015-04-19 15:27:21
1810,0@purdue.edu,31@purdue.edu,2015-04-19 15:59:52
1811,31@purdue.edu,12@purdue.edu,2015-04-19 16:14:14
1812,31@purdue.edu,22@purdue.edu,2015-04-21 16:16:50
1813,22@purdue.edu,80@purdue.edu,2015-04-21 17:40:19
1814,31@purdue.edu,80@purdue.edu,2015-04-21 20:35:06
1815,80@purdue.edu,12@purdue.edu,2015-04-21 21:45:34
1816,80@purdue.edu,200@purdue.edu,2015-04-22 16:53:43
1817,80@purdue.edu,200@purdue.edu,2015-04-22 16:55:12
1818,0@purdue.edu,12@purdue.edu,2015-04-19 15:28:27
1819,12@purdue.edu,31@purdue.edu,2015-04-19 16:26:25
1820,12@purdue.edu,80@purdue.edu,2015-04-21 11:37:51
1821,80@purdue.edu,31@purdue.edu,2015-04-22 13:04:43
