,source,target,time
0,0@purdue.edu,2@purdue.edu,1/14/15 1:45
1,0@purdue.edu,3@purdue.edu,1/17/15 13:04
2,0@purdue.edu,2@purdue.edu,2/16/15 19:40
3,2@purdue.edu,4@purdue.edu,2/17/15 20:10
4,0@purdue.edu,4@purdue.edu,2/17/15 20:55
5,4@purdue.edu,5@purdue.edu,2/17/15 23:03
6,5@purdue.edu,5@purdue.edu,2/17/15 23:19
7,5@purdue.edu,4@purdue.edu,2/18/15 10:53
8,4@purdue.edu,6@purdue.edu,2/18/15 17:10
9,0@purdue.edu,7@purdue.edu,2/18/15 17:42
10,7@purdue.edu,8@purdue.edu,2/18/15 19:37
11,4@purdue.edu,9@purdue.edu,2/18/15 19:42
12,0@purdue.edu,10@purdue.edu,2/18/15 23:36
13,0@purdue.edu,11@purdue.edu,2/19/15 12:44
14,2@purdue.edu,12@purdue.edu,2/19/15 13:41
15,0@purdue.edu,13@purdue.edu,3/2/15 14:37
16,0@purdue.edu,14@purdue.edu,3/6/15 18:49
17,0@purdue.edu,15@purdue.edu,3/6/15 20:52
18,0@purdue.edu,16@purdue.edu,3/11/15 15:33
19,16@purdue.edu,17@purdue.edu,5/1/15 21:36
20,10@purdue.edu,18@purdue.edu,5/2/15 11:47
21,18@purdue.edu,19@purdue.edu,5/2/15 16:45
22,16@purdue.edu,8@purdue.edu,5/3/15 14:46
23,8@purdue.edu,20@purdue.edu,5/3/15 15:42
24,0@purdue.edu,20@purdue.edu,5/3/15 16:03
25,8@purdue.edu,19@purdue.edu,5/3/15 17:36
26,20@purdue.edu,19@purdue.edu,5/3/15 17:37
27,8@purdue.edu,21@purdue.edu,5/3/15 21:26
28,21@purdue.edu,21@purdue.edu,5/3/15 21:30
29,0@purdue.edu,22@purdue.edu,5/3/15 21:34
30,17@purdue.edu,23@purdue.edu,5/3/15 23:04
31,22@purdue.edu,24@purdue.edu,5/4/15 12:43
32,8@purdue.edu,25@purdue.edu,5/4/15 13:55
33,25@purdue.edu,12@purdue.edu,5/4/15 14:01
34,8@purdue.edu,12@purdue.edu,5/4/15 14:02
35,19@purdue.edu,25@purdue.edu,5/4/15 14:02
36,25@purdue.edu,26@purdue.edu,5/4/15 14:30
37,18@purdue.edu,12@purdue.edu,5/4/15 14:44
38,16@purdue.edu,26@purdue.edu,5/4/15 18:59
39,25@purdue.edu,27@purdue.edu,5/4/15 20:00
40,26@purdue.edu,28@purdue.edu,5/4/15 22:46
41,1@purdue.edu,29@purdue.edu,1/22/15 15:29
42,1@purdue.edu,30@purdue.edu,1/27/15 11:41
43,30@purdue.edu,31@purdue.edu,1/27/15 17:45
44,31@purdue.edu,31@purdue.edu,1/27/15 17:45
45,30@purdue.edu,32@purdue.edu,1/27/15 18:42
46,32@purdue.edu,33@purdue.edu,1/27/15 19:14
47,33@purdue.edu,34@purdue.edu,1/27/15 21:18
48,31@purdue.edu,35@purdue.edu,1/27/15 22:14
49,1@purdue.edu,33@purdue.edu,1/27/15 22:54
50,1@purdue.edu,36@purdue.edu,1/17/15 15:11
51,1@purdue.edu,37@purdue.edu,1/22/15 15:28
52,37@purdue.edu,29@purdue.edu,1/27/15 19:24
53,36@purdue.edu,12@purdue.edu,2/19/15 13:40
54,0@purdue.edu,38@purdue.edu,1/12/15 9:36
55,38@purdue.edu,39@purdue.edu,1/12/15 9:40
56,0@purdue.edu,40@purdue.edu,1/12/15 13:25
57,40@purdue.edu,41@purdue.edu,1/12/15 13:56
58,0@purdue.edu,18@purdue.edu,1/12/15 14:47
59,18@purdue.edu,38@purdue.edu,1/12/15 15:34
60,0@purdue.edu,42@purdue.edu,1/12/15 17:05
61,41@purdue.edu,43@purdue.edu,1/12/15 20:18
62,18@purdue.edu,44@purdue.edu,1/12/15 21:00
63,42@purdue.edu,45@purdue.edu,1/12/15 21:29
64,42@purdue.edu,46@purdue.edu,1/12/15 21:59
65,18@purdue.edu,47@purdue.edu,1/12/15 22:15
66,18@purdue.edu,48@purdue.edu,1/12/15 22:15
67,48@purdue.edu,49@purdue.edu,1/12/15 22:18
68,45@purdue.edu,50@purdue.edu,1/12/15 23:47
69,0@purdue.edu,51@purdue.edu,1/13/15 9:46
70,0@purdue.edu,52@purdue.edu,1/13/15 10:15
71,52@purdue.edu,34@purdue.edu,1/13/15 14:40
72,46@purdue.edu,53@purdue.edu,1/13/15 15:06
73,0@purdue.edu,54@purdue.edu,1/13/15 19:28
74,0@purdue.edu,37@purdue.edu,1/13/15 20:40
75,0@purdue.edu,55@purdue.edu,1/13/15 20:42
76,55@purdue.edu,56@purdue.edu,1/13/15 21:01
77,54@purdue.edu,34@purdue.edu,1/13/15 21:15
78,0@purdue.edu,57@purdue.edu,1/12/15 9:39
79,0@purdue.edu,57@purdue.edu,1/12/15 9:54
80,0@purdue.edu,58@purdue.edu,1/12/15 15:08
81,0@purdue.edu,59@purdue.edu,1/12/15 20:24
82,57@purdue.edu,44@purdue.edu,1/12/15 21:03
83,58@purdue.edu,60@purdue.edu,1/12/15 22:23
84,0@purdue.edu,41@purdue.edu,1/13/15 10:20
85,0@purdue.edu,52@purdue.edu,1/13/15 10:51
86,41@purdue.edu,29@purdue.edu,1/13/15 11:33
87,52@purdue.edu,29@purdue.edu,1/13/15 11:38
88,0@purdue.edu,61@purdue.edu,1/13/15 12:02
89,0@purdue.edu,42@purdue.edu,1/13/15 13:57
90,0@purdue.edu,62@purdue.edu,1/13/15 14:47
91,62@purdue.edu,29@purdue.edu,1/13/15 15:17
92,62@purdue.edu,50@purdue.edu,1/13/15 15:20
93,29@purdue.edu,63@purdue.edu,1/13/15 17:11
94,63@purdue.edu,64@purdue.edu,1/13/15 18:43
95,42@purdue.edu,65@purdue.edu,1/13/15 19:26
96,61@purdue.edu,46@purdue.edu,1/13/15 19:29
97,0@purdue.edu,66@purdue.edu,1/13/15 20:09
98,66@purdue.edu,67@purdue.edu,1/13/15 20:58
99,0@purdue.edu,68@purdue.edu,1/14/15 19:18
100,0@purdue.edu,34@purdue.edu,1/14/15 19:46
101,34@purdue.edu,69@purdue.edu,1/14/15 20:00
102,68@purdue.edu,69@purdue.edu,1/14/15 20:01
103,69@purdue.edu,52@purdue.edu,1/14/15 21:12
104,52@purdue.edu,62@purdue.edu,1/14/15 21:20
105,69@purdue.edu,70@purdue.edu,1/14/15 21:22
106,0@purdue.edu,62@purdue.edu,1/14/15 21:24
107,0@purdue.edu,47@purdue.edu,1/14/15 21:30
108,47@purdue.edu,67@purdue.edu,1/14/15 21:36
109,69@purdue.edu,71@purdue.edu,1/14/15 22:02
110,71@purdue.edu,52@purdue.edu,1/14/15 22:47
111,52@purdue.edu,18@purdue.edu,1/15/15 0:02
112,52@purdue.edu,50@purdue.edu,1/15/15 1:58
113,0@purdue.edu,72@purdue.edu,1/15/15 10:07
114,0@purdue.edu,61@purdue.edu,1/15/15 10:17
115,61@purdue.edu,73@purdue.edu,1/15/15 12:00
116,62@purdue.edu,74@purdue.edu,1/15/15 12:33
117,52@purdue.edu,30@purdue.edu,1/15/15 12:39
118,61@purdue.edu,30@purdue.edu,1/15/15 12:49
119,30@purdue.edu,30@purdue.edu,1/15/15 13:01
120,52@purdue.edu,75@purdue.edu,1/15/15 14:38
121,73@purdue.edu,76@purdue.edu,1/15/15 14:52
122,61@purdue.edu,77@purdue.edu,1/15/15 16:12
123,34@purdue.edu,77@purdue.edu,1/15/15 16:17
124,0@purdue.edu,76@purdue.edu,1/15/15 16:22
125,0@purdue.edu,78@purdue.edu,1/15/15 17:30
126,74@purdue.edu,79@purdue.edu,1/15/15 17:31
127,78@purdue.edu,31@purdue.edu,1/15/15 17:53
128,61@purdue.edu,31@purdue.edu,1/15/15 18:06
129,68@purdue.edu,68@purdue.edu,1/15/15 18:30
130,76@purdue.edu,80@purdue.edu,1/15/15 18:56
131,61@purdue.edu,81@purdue.edu,1/15/15 19:22
132,79@purdue.edu,82@purdue.edu,1/15/15 20:33
133,78@purdue.edu,78@purdue.edu,1/15/15 20:51
134,31@purdue.edu,78@purdue.edu,1/15/15 20:58
135,31@purdue.edu,83@purdue.edu,1/15/15 22:01
136,0@purdue.edu,84@purdue.edu,1/15/15 22:23
137,0@purdue.edu,77@purdue.edu,1/15/15 16:33
138,77@purdue.edu,85@purdue.edu,1/15/15 17:07
139,0@purdue.edu,86@purdue.edu,1/15/15 17:42
140,0@purdue.edu,87@purdue.edu,1/15/15 17:43
141,77@purdue.edu,87@purdue.edu,1/15/15 17:45
142,87@purdue.edu,88@purdue.edu,1/15/15 17:59
143,87@purdue.edu,31@purdue.edu,1/15/15 18:34
144,31@purdue.edu,89@purdue.edu,1/15/15 18:40
145,89@purdue.edu,31@purdue.edu,1/15/15 18:45
146,86@purdue.edu,31@purdue.edu,1/15/15 18:46
147,0@purdue.edu,80@purdue.edu,1/15/15 19:16
148,89@purdue.edu,46@purdue.edu,1/15/15 19:45
149,80@purdue.edu,34@purdue.edu,1/15/15 19:55
150,87@purdue.edu,84@purdue.edu,1/15/15 22:42
151,34@purdue.edu,84@purdue.edu,1/15/15 22:42
152,84@purdue.edu,90@purdue.edu,1/15/15 23:55
153,84@purdue.edu,91@purdue.edu,1/16/15 0:11
154,0@purdue.edu,32@purdue.edu,1/16/15 12:35
155,0@purdue.edu,92@purdue.edu,1/16/15 16:22
156,0@purdue.edu,76@purdue.edu,1/16/15 16:44
157,76@purdue.edu,93@purdue.edu,1/17/15 13:15
158,32@purdue.edu,29@purdue.edu,1/17/15 20:20
159,92@purdue.edu,71@purdue.edu,1/18/15 12:29
160,0@purdue.edu,70@purdue.edu,1/18/15 17:10
161,0@purdue.edu,94@purdue.edu,1/18/15 18:44
162,71@purdue.edu,92@purdue.edu,1/18/15 19:06
163,94@purdue.edu,92@purdue.edu,1/18/15 19:08
164,71@purdue.edu,64@purdue.edu,1/19/15 11:15
165,0@purdue.edu,61@purdue.edu,1/19/15 13:06
166,0@purdue.edu,20@purdue.edu,1/19/15 14:09
167,61@purdue.edu,26@purdue.edu,1/19/15 14:16
168,20@purdue.edu,95@purdue.edu,1/19/15 15:00
169,70@purdue.edu,95@purdue.edu,1/19/15 15:23
170,0@purdue.edu,41@purdue.edu,1/19/15 18:45
171,0@purdue.edu,32@purdue.edu,1/19/15 19:50
172,0@purdue.edu,96@purdue.edu,1/19/15 20:39
173,32@purdue.edu,97@purdue.edu,1/19/15 21:52
174,96@purdue.edu,98@purdue.edu,1/20/15 9:34
175,96@purdue.edu,52@purdue.edu,1/20/15 10:44
176,52@purdue.edu,34@purdue.edu,1/20/15 15:43
177,95@purdue.edu,99@purdue.edu,1/20/15 21:10
178,32@purdue.edu,100@purdue.edu,1/20/15 21:46
179,0@purdue.edu,47@purdue.edu,1/19/15 16:16
180,47@purdue.edu,47@purdue.edu,1/19/15 16:17
181,0@purdue.edu,75@purdue.edu,1/20/15 9:31
182,47@purdue.edu,101@purdue.edu,1/20/15 14:54
183,0@purdue.edu,102@purdue.edu,1/20/15 16:49
184,0@purdue.edu,43@purdue.edu,1/20/15 17:29
185,43@purdue.edu,43@purdue.edu,1/20/15 17:31
186,0@purdue.edu,27@purdue.edu,1/20/15 18:30
187,43@purdue.edu,27@purdue.edu,1/20/15 18:31
188,102@purdue.edu,27@purdue.edu,1/20/15 18:39
189,27@purdue.edu,90@purdue.edu,1/20/15 19:08
190,27@purdue.edu,91@purdue.edu,1/20/15 19:09
191,43@purdue.edu,80@purdue.edu,1/20/15 19:10
192,102@purdue.edu,90@purdue.edu,1/20/15 19:17
193,27@purdue.edu,103@purdue.edu,1/20/15 20:45
194,0@purdue.edu,104@purdue.edu,1/20/15 21:22
195,104@purdue.edu,52@purdue.edu,1/20/15 22:16
196,90@purdue.edu,52@purdue.edu,1/20/15 22:16
197,0@purdue.edu,105@purdue.edu,1/20/15 22:44
198,0@purdue.edu,95@purdue.edu,1/21/15 15:16
199,0@purdue.edu,106@purdue.edu,1/21/15 15:34
200,95@purdue.edu,97@purdue.edu,1/21/15 16:02
201,106@purdue.edu,97@purdue.edu,1/21/15 16:03
202,97@purdue.edu,106@purdue.edu,1/21/15 16:19
203,0@purdue.edu,107@purdue.edu,1/21/15 16:33
204,95@purdue.edu,108@purdue.edu,1/21/15 16:56
205,0@purdue.edu,109@purdue.edu,1/21/15 19:16
206,109@purdue.edu,50@purdue.edu,1/22/15 1:54
207,95@purdue.edu,50@purdue.edu,1/22/15 1:56
208,97@purdue.edu,110@purdue.edu,1/22/15 14:22
209,110@purdue.edu,27@purdue.edu,1/22/15 17:25
210,0@purdue.edu,49@purdue.edu,1/22/15 21:29
211,95@purdue.edu,111@purdue.edu,1/22/15 22:08
212,49@purdue.edu,63@purdue.edu,1/22/15 22:20
213,0@purdue.edu,63@purdue.edu,1/22/15 22:21
214,95@purdue.edu,112@purdue.edu,1/22/15 22:54
215,110@purdue.edu,113@purdue.edu,1/23/15 1:00
216,0@purdue.edu,96@purdue.edu,1/21/15 16:58
217,96@purdue.edu,96@purdue.edu,1/21/15 17:06
218,96@purdue.edu,114@purdue.edu,1/21/15 17:15
219,96@purdue.edu,18@purdue.edu,1/21/15 18:47
220,18@purdue.edu,114@purdue.edu,1/21/15 19:16
221,0@purdue.edu,115@purdue.edu,1/21/15 19:57
222,96@purdue.edu,64@purdue.edu,1/21/15 20:02
223,115@purdue.edu,34@purdue.edu,1/21/15 20:24
224,64@purdue.edu,114@purdue.edu,1/21/15 20:37
225,114@purdue.edu,50@purdue.edu,1/22/15 2:19
226,0@purdue.edu,5@purdue.edu,1/22/15 20:25
227,0@purdue.edu,109@purdue.edu,1/22/15 22:26
228,109@purdue.edu,91@purdue.edu,1/22/15 23:09
229,96@purdue.edu,116@purdue.edu,1/22/15 23:20
230,0@purdue.edu,92@purdue.edu,1/23/15 17:57
231,92@purdue.edu,117@purdue.edu,1/23/15 19:28
232,0@purdue.edu,118@purdue.edu,1/24/15 11:19
233,118@purdue.edu,67@purdue.edu,1/24/15 12:12
234,118@purdue.edu,93@purdue.edu,1/24/15 12:16
235,93@purdue.edu,118@purdue.edu,1/24/15 14:13
236,93@purdue.edu,34@purdue.edu,1/24/15 16:43
237,34@purdue.edu,113@purdue.edu,1/24/15 20:56
238,0@purdue.edu,50@purdue.edu,1/25/15 15:46
239,50@purdue.edu,75@purdue.edu,1/25/15 15:56
240,0@purdue.edu,119@purdue.edu,1/25/15 16:25
241,75@purdue.edu,50@purdue.edu,1/25/15 16:25
242,119@purdue.edu,119@purdue.edu,1/25/15 16:58
243,50@purdue.edu,78@purdue.edu,1/25/15 19:57
244,34@purdue.edu,48@purdue.edu,1/25/15 20:19
245,0@purdue.edu,110@purdue.edu,1/24/15 14:34
246,0@purdue.edu,7@purdue.edu,1/24/15 15:07
247,0@purdue.edu,49@purdue.edu,1/24/15 15:15
248,49@purdue.edu,49@purdue.edu,1/24/15 15:17
249,49@purdue.edu,34@purdue.edu,1/24/15 16:41
250,110@purdue.edu,113@purdue.edu,1/24/15 21:03
251,0@purdue.edu,88@purdue.edu,1/25/15 0:07
252,88@purdue.edu,120@purdue.edu,1/25/15 10:54
253,34@purdue.edu,121@purdue.edu,1/25/15 12:41
254,121@purdue.edu,40@purdue.edu,1/25/15 14:22
255,0@purdue.edu,32@purdue.edu,1/25/15 17:44
256,32@purdue.edu,31@purdue.edu,1/25/15 18:10
257,113@purdue.edu,48@purdue.edu,1/25/15 20:17
258,49@purdue.edu,5@purdue.edu,1/25/15 22:05
259,0@purdue.edu,95@purdue.edu,1/26/15 14:31
260,95@purdue.edu,68@purdue.edu,1/26/15 15:20
261,95@purdue.edu,122@purdue.edu,1/26/15 16:18
262,0@purdue.edu,47@purdue.edu,1/26/15 17:17
263,0@purdue.edu,123@purdue.edu,1/26/15 18:25
264,0@purdue.edu,20@purdue.edu,1/26/15 18:53
265,20@purdue.edu,34@purdue.edu,1/26/15 20:53
266,68@purdue.edu,34@purdue.edu,1/26/15 20:54
267,123@purdue.edu,77@purdue.edu,1/26/15 21:09
268,0@purdue.edu,7@purdue.edu,1/26/15 21:13
269,47@purdue.edu,50@purdue.edu,1/27/15 0:33
270,20@purdue.edu,50@purdue.edu,1/27/15 0:45
271,34@purdue.edu,25@purdue.edu,1/27/15 12:34
272,50@purdue.edu,124@purdue.edu,1/27/15 15:18
273,7@purdue.edu,112@purdue.edu,1/27/15 17:07
274,7@purdue.edu,125@purdue.edu,1/27/15 17:14
275,0@purdue.edu,33@purdue.edu,1/27/15 17:51
276,33@purdue.edu,31@purdue.edu,1/27/15 17:58
277,33@purdue.edu,126@purdue.edu,1/27/15 22:23
278,0@purdue.edu,109@purdue.edu,1/27/15 23:14
279,109@purdue.edu,60@purdue.edu,1/28/15 0:01
280,60@purdue.edu,109@purdue.edu,1/28/15 0:32
281,109@purdue.edu,99@purdue.edu,1/28/15 0:42
282,50@purdue.edu,49@purdue.edu,1/28/15 1:10
283,109@purdue.edu,109@purdue.edu,1/28/15 9:29
284,0@purdue.edu,127@purdue.edu,1/28/15 12:33
285,0@purdue.edu,104@purdue.edu,1/28/15 13:41
286,0@purdue.edu,128@purdue.edu,1/28/15 13:59
287,127@purdue.edu,95@purdue.edu,1/28/15 14:52
288,0@purdue.edu,129@purdue.edu,1/28/15 14:54
289,128@purdue.edu,95@purdue.edu,1/28/15 14:57
290,104@purdue.edu,95@purdue.edu,1/28/15 15:04
291,0@purdue.edu,130@purdue.edu,1/28/15 16:18
292,0@purdue.edu,68@purdue.edu,1/28/15 16:58
293,0@purdue.edu,73@purdue.edu,1/28/15 20:11
294,73@purdue.edu,95@purdue.edu,1/28/15 20:20
295,0@purdue.edu,73@purdue.edu,1/28/15 20:23
296,73@purdue.edu,110@purdue.edu,1/28/15 20:35
297,73@purdue.edu,24@purdue.edu,1/28/15 20:47
298,129@purdue.edu,43@purdue.edu,1/28/15 21:09
299,95@purdue.edu,43@purdue.edu,1/28/15 21:57
300,0@purdue.edu,60@purdue.edu,1/28/15 22:35
301,104@purdue.edu,131@purdue.edu,1/28/15 23:04
302,73@purdue.edu,46@purdue.edu,1/28/15 23:08
303,46@purdue.edu,46@purdue.edu,1/28/15 23:19
304,60@purdue.edu,18@purdue.edu,1/29/15 9:33
305,60@purdue.edu,114@purdue.edu,1/29/15 9:41
306,114@purdue.edu,132@purdue.edu,1/29/15 10:07
307,60@purdue.edu,86@purdue.edu,1/29/15 10:41
308,0@purdue.edu,30@purdue.edu,1/29/15 12:08
309,104@purdue.edu,84@purdue.edu,1/29/15 15:21
310,86@purdue.edu,60@purdue.edu,1/29/15 15:52
311,0@purdue.edu,60@purdue.edu,1/29/15 15:54
312,30@purdue.edu,60@purdue.edu,1/29/15 16:04
313,73@purdue.edu,133@purdue.edu,1/29/15 17:58
314,60@purdue.edu,31@purdue.edu,1/29/15 19:55
315,95@purdue.edu,26@purdue.edu,1/29/15 21:48
316,132@purdue.edu,134@purdue.edu,1/30/15 2:10
317,0@purdue.edu,60@purdue.edu,1/28/15 22:51
318,60@purdue.edu,131@purdue.edu,1/28/15 23:51
319,60@purdue.edu,95@purdue.edu,1/29/15 9:31
320,95@purdue.edu,131@purdue.edu,1/29/15 11:39
321,0@purdue.edu,69@purdue.edu,1/29/15 12:11
322,69@purdue.edu,135@purdue.edu,1/29/15 15:10
323,60@purdue.edu,34@purdue.edu,1/29/15 16:01
324,69@purdue.edu,40@purdue.edu,1/29/15 19:48
325,131@purdue.edu,5@purdue.edu,1/29/15 23:00
326,60@purdue.edu,136@purdue.edu,1/29/15 23:49
327,0@purdue.edu,136@purdue.edu,1/29/15 23:52
328,0@purdue.edu,84@purdue.edu,1/30/15 13:31
329,0@purdue.edu,61@purdue.edu,1/30/15 15:07
330,0@purdue.edu,92@purdue.edu,1/30/15 16:10
331,84@purdue.edu,135@purdue.edu,1/30/15 17:28
332,0@purdue.edu,40@purdue.edu,1/31/15 13:12
333,0@purdue.edu,73@purdue.edu,1/31/15 13:48
334,84@purdue.edu,64@purdue.edu,1/31/15 14:43
335,73@purdue.edu,43@purdue.edu,1/31/15 17:30
336,64@purdue.edu,77@purdue.edu,1/31/15 17:39
337,0@purdue.edu,137@purdue.edu,1/31/15 18:02
338,0@purdue.edu,102@purdue.edu,1/31/15 18:09
339,0@purdue.edu,47@purdue.edu,1/31/15 20:14
340,0@purdue.edu,47@purdue.edu,1/31/15 20:32
341,0@purdue.edu,36@purdue.edu,1/31/15 23:28
342,84@purdue.edu,138@purdue.edu,2/1/15 11:46
343,0@purdue.edu,139@purdue.edu,2/1/15 13:02
344,47@purdue.edu,76@purdue.edu,2/1/15 13:14
345,73@purdue.edu,43@purdue.edu,2/1/15 14:01
346,36@purdue.edu,140@purdue.edu,2/1/15 14:10
347,76@purdue.edu,141@purdue.edu,2/1/15 16:27
348,0@purdue.edu,63@purdue.edu,2/1/15 17:27
349,0@purdue.edu,63@purdue.edu,2/1/15 17:28
350,47@purdue.edu,27@purdue.edu,2/1/15 18:30
351,47@purdue.edu,142@purdue.edu,2/1/15 19:31
352,139@purdue.edu,125@purdue.edu,2/1/15 23:18
353,137@purdue.edu,143@purdue.edu,2/1/15 23:51
354,63@purdue.edu,144@purdue.edu,2/2/15 0:00
355,63@purdue.edu,60@purdue.edu,2/2/15 0:33
356,102@purdue.edu,82@purdue.edu,2/2/15 1:33
357,0@purdue.edu,84@purdue.edu,1/30/15 13:34
358,0@purdue.edu,80@purdue.edu,1/30/15 16:22
359,80@purdue.edu,106@purdue.edu,1/30/15 16:25
360,80@purdue.edu,106@purdue.edu,1/30/15 16:45
361,0@purdue.edu,92@purdue.edu,1/30/15 16:47
362,106@purdue.edu,92@purdue.edu,1/30/15 16:53
363,92@purdue.edu,135@purdue.edu,1/30/15 21:04
364,92@purdue.edu,52@purdue.edu,1/31/15 10:04
365,80@purdue.edu,114@purdue.edu,1/31/15 12:04
366,106@purdue.edu,40@purdue.edu,1/31/15 13:16
367,40@purdue.edu,34@purdue.edu,1/31/15 17:08
368,0@purdue.edu,93@purdue.edu,1/31/15 19:13
369,84@purdue.edu,145@purdue.edu,1/31/15 21:37
370,84@purdue.edu,145@purdue.edu,1/31/15 21:40
371,93@purdue.edu,71@purdue.edu,2/1/15 13:17
372,71@purdue.edu,71@purdue.edu,2/1/15 13:24
373,106@purdue.edu,77@purdue.edu,2/1/15 13:27
374,145@purdue.edu,36@purdue.edu,2/1/15 16:11
375,0@purdue.edu,49@purdue.edu,2/2/15 1:38
376,80@purdue.edu,146@purdue.edu,2/2/15 12:56
377,0@purdue.edu,98@purdue.edu,2/2/15 12:48
378,98@purdue.edu,140@purdue.edu,2/2/15 13:14
379,140@purdue.edu,109@purdue.edu,2/2/15 13:39
380,109@purdue.edu,61@purdue.edu,2/2/15 14:56
381,109@purdue.edu,147@purdue.edu,2/2/15 16:13
382,98@purdue.edu,148@purdue.edu,2/2/15 16:36
383,0@purdue.edu,68@purdue.edu,2/2/15 19:09
384,68@purdue.edu,68@purdue.edu,2/2/15 19:10
385,68@purdue.edu,18@purdue.edu,2/2/15 22:34
386,98@purdue.edu,27@purdue.edu,2/3/15 17:55
387,98@purdue.edu,26@purdue.edu,2/3/15 18:12
388,68@purdue.edu,5@purdue.edu,2/3/15 20:19
389,5@purdue.edu,5@purdue.edu,2/3/15 20:21
390,26@purdue.edu,56@purdue.edu,2/3/15 20:26
391,98@purdue.edu,149@purdue.edu,2/3/15 21:59
392,0@purdue.edu,73@purdue.edu,2/2/15 13:41
393,0@purdue.edu,64@purdue.edu,2/2/15 14:36
394,0@purdue.edu,61@purdue.edu,2/2/15 14:58
395,0@purdue.edu,101@purdue.edu,2/2/15 15:21
396,101@purdue.edu,150@purdue.edu,2/2/15 16:08
397,0@purdue.edu,81@purdue.edu,2/2/15 20:10
398,0@purdue.edu,18@purdue.edu,2/2/15 22:52
399,18@purdue.edu,89@purdue.edu,2/3/15 9:52
400,81@purdue.edu,89@purdue.edu,2/3/15 9:56
401,0@purdue.edu,7@purdue.edu,2/3/15 13:08
402,0@purdue.edu,7@purdue.edu,2/3/15 13:15
403,7@purdue.edu,151@purdue.edu,2/3/15 14:09
404,0@purdue.edu,152@purdue.edu,2/3/15 16:06
405,152@purdue.edu,125@purdue.edu,2/3/15 17:02
406,0@purdue.edu,27@purdue.edu,2/3/15 18:06
407,27@purdue.edu,147@purdue.edu,2/3/15 18:19
408,0@purdue.edu,137@purdue.edu,2/3/15 19:35
409,27@purdue.edu,149@purdue.edu,2/3/15 21:58
410,0@purdue.edu,95@purdue.edu,2/4/15 13:12
411,0@purdue.edu,34@purdue.edu,2/4/15 15:24
412,95@purdue.edu,18@purdue.edu,2/4/15 15:25
413,0@purdue.edu,76@purdue.edu,2/4/15 15:35
414,76@purdue.edu,34@purdue.edu,2/4/15 15:46
415,76@purdue.edu,40@purdue.edu,2/4/15 15:54
416,0@purdue.edu,115@purdue.edu,2/4/15 16:20
417,34@purdue.edu,153@purdue.edu,2/4/15 17:17
418,95@purdue.edu,95@purdue.edu,2/4/15 17:18
419,115@purdue.edu,47@purdue.edu,2/4/15 17:20
420,47@purdue.edu,48@purdue.edu,2/4/15 18:07
421,153@purdue.edu,125@purdue.edu,2/4/15 18:26
422,76@purdue.edu,23@purdue.edu,2/4/15 19:40
423,47@purdue.edu,23@purdue.edu,2/4/15 19:43
424,0@purdue.edu,72@purdue.edu,2/4/15 22:54
425,72@purdue.edu,67@purdue.edu,2/5/15 10:09
426,0@purdue.edu,146@purdue.edu,2/5/15 15:51
427,0@purdue.edu,10@purdue.edu,2/5/15 17:12
428,23@purdue.edu,154@purdue.edu,2/5/15 21:04
429,34@purdue.edu,155@purdue.edu,2/5/15 21:25
430,0@purdue.edu,45@purdue.edu,2/5/15 22:58
431,45@purdue.edu,49@purdue.edu,2/6/15 0:24
432,0@purdue.edu,95@purdue.edu,2/4/15 15:08
433,0@purdue.edu,115@purdue.edu,2/4/15 16:45
434,0@purdue.edu,153@purdue.edu,2/4/15 17:51
435,0@purdue.edu,107@purdue.edu,2/4/15 17:51
436,107@purdue.edu,156@purdue.edu,2/4/15 18:21
437,0@purdue.edu,93@purdue.edu,2/4/15 21:05
438,0@purdue.edu,96@purdue.edu,2/4/15 22:40
439,0@purdue.edu,41@purdue.edu,2/5/15 13:30
440,41@purdue.edu,98@purdue.edu,2/5/15 15:35
441,0@purdue.edu,146@purdue.edu,2/5/15 16:21
442,96@purdue.edu,112@purdue.edu,2/5/15 19:45
443,146@purdue.edu,47@purdue.edu,2/5/15 20:10
444,95@purdue.edu,109@purdue.edu,2/5/15 21:27
445,109@purdue.edu,82@purdue.edu,2/5/15 23:31
446,0@purdue.edu,78@purdue.edu,2/5/15 23:59
447,112@purdue.edu,49@purdue.edu,2/6/15 1:00
448,0@purdue.edu,61@purdue.edu,2/6/15 13:20
449,61@purdue.edu,157@purdue.edu,2/6/15 15:02
450,0@purdue.edu,39@purdue.edu,2/6/15 15:20
451,0@purdue.edu,84@purdue.edu,2/6/15 15:34
452,61@purdue.edu,158@purdue.edu,2/6/15 17:07
453,84@purdue.edu,158@purdue.edu,2/6/15 17:07
454,84@purdue.edu,111@purdue.edu,2/6/15 17:26
455,61@purdue.edu,111@purdue.edu,2/6/15 17:28
456,61@purdue.edu,153@purdue.edu,2/6/15 19:01
457,0@purdue.edu,107@purdue.edu,2/6/15 20:51
458,107@purdue.edu,67@purdue.edu,2/7/15 11:27
459,0@purdue.edu,47@purdue.edu,2/7/15 12:33
460,61@purdue.edu,3@purdue.edu,2/7/15 13:57
461,67@purdue.edu,30@purdue.edu,2/7/15 14:49
462,111@purdue.edu,30@purdue.edu,2/7/15 15:05
463,0@purdue.edu,159@purdue.edu,2/7/15 17:15
464,111@purdue.edu,61@purdue.edu,2/7/15 17:33
465,0@purdue.edu,39@purdue.edu,2/6/15 15:15
466,0@purdue.edu,84@purdue.edu,2/6/15 15:36
467,0@purdue.edu,111@purdue.edu,2/6/15 17:53
468,0@purdue.edu,127@purdue.edu,2/6/15 20:41
469,111@purdue.edu,107@purdue.edu,2/6/15 21:33
470,127@purdue.edu,80@purdue.edu,2/6/15 21:48
471,107@purdue.edu,80@purdue.edu,2/6/15 22:04
472,80@purdue.edu,127@purdue.edu,2/7/15 10:38
473,0@purdue.edu,94@purdue.edu,2/7/15 10:44
474,80@purdue.edu,94@purdue.edu,2/7/15 10:46
475,0@purdue.edu,148@purdue.edu,2/7/15 12:30
476,84@purdue.edu,160@purdue.edu,2/7/15 13:22
477,148@purdue.edu,77@purdue.edu,2/7/15 13:26
478,80@purdue.edu,64@purdue.edu,2/7/15 14:27
479,94@purdue.edu,30@purdue.edu,2/7/15 14:55
480,111@purdue.edu,70@purdue.edu,2/7/15 15:07
481,148@purdue.edu,69@purdue.edu,2/7/15 17:10
482,0@purdue.edu,52@purdue.edu,2/7/15 22:13
483,69@purdue.edu,26@purdue.edu,2/7/15 22:48
484,69@purdue.edu,52@purdue.edu,2/7/15 22:50
485,0@purdue.edu,45@purdue.edu,2/8/15 10:26
486,111@purdue.edu,68@purdue.edu,2/8/15 10:53
487,0@purdue.edu,63@purdue.edu,2/8/15 17:03
488,45@purdue.edu,161@purdue.edu,2/8/15 22:31
489,0@purdue.edu,40@purdue.edu,2/9/15 13:13
490,0@purdue.edu,86@purdue.edu,2/9/15 13:22
491,86@purdue.edu,80@purdue.edu,2/9/15 14:06
492,86@purdue.edu,18@purdue.edu,2/9/15 14:32
493,0@purdue.edu,77@purdue.edu,2/9/15 14:45
494,86@purdue.edu,95@purdue.edu,2/9/15 15:16
495,0@purdue.edu,162@purdue.edu,2/9/15 15:42
496,77@purdue.edu,64@purdue.edu,2/9/15 16:02
497,0@purdue.edu,121@purdue.edu,2/9/15 18:21
498,121@purdue.edu,48@purdue.edu,2/9/15 20:45
499,0@purdue.edu,141@purdue.edu,2/9/15 21:16
500,141@purdue.edu,148@purdue.edu,2/9/15 22:05
501,95@purdue.edu,86@purdue.edu,2/9/15 22:32
502,95@purdue.edu,73@purdue.edu,2/9/15 23:42
503,48@purdue.edu,121@purdue.edu,2/10/15 12:20
504,0@purdue.edu,163@purdue.edu,2/10/15 13:17
505,0@purdue.edu,79@purdue.edu,2/10/15 15:38
506,0@purdue.edu,139@purdue.edu,2/10/15 15:46
507,0@purdue.edu,61@purdue.edu,2/10/15 17:08
508,79@purdue.edu,61@purdue.edu,2/10/15 17:09
509,61@purdue.edu,26@purdue.edu,2/10/15 17:28
510,26@purdue.edu,61@purdue.edu,2/10/15 17:59
511,95@purdue.edu,5@purdue.edu,2/10/15 20:03
512,0@purdue.edu,134@purdue.edu,2/11/15 0:03
513,0@purdue.edu,40@purdue.edu,2/9/15 15:55
514,0@purdue.edu,95@purdue.edu,2/9/15 16:07
515,40@purdue.edu,80@purdue.edu,2/9/15 16:12
516,0@purdue.edu,95@purdue.edu,2/9/15 16:36
517,0@purdue.edu,115@purdue.edu,2/9/15 17:08
518,40@purdue.edu,76@purdue.edu,2/9/15 17:08
519,115@purdue.edu,95@purdue.edu,2/9/15 17:09
520,0@purdue.edu,164@purdue.edu,2/9/15 17:19
521,0@purdue.edu,68@purdue.edu,2/9/15 17:48
522,164@purdue.edu,165@purdue.edu,2/9/15 20:02
523,165@purdue.edu,165@purdue.edu,2/9/15 20:07
524,76@purdue.edu,40@purdue.edu,2/9/15 20:49
525,0@purdue.edu,47@purdue.edu,2/9/15 21:04
526,165@purdue.edu,45@purdue.edu,2/10/15 0:19
527,68@purdue.edu,84@purdue.edu,2/10/15 13:01
528,47@purdue.edu,77@purdue.edu,2/10/15 15:43
529,84@purdue.edu,145@purdue.edu,2/10/15 17:01
530,77@purdue.edu,166@purdue.edu,2/10/15 17:14
531,84@purdue.edu,68@purdue.edu,2/10/15 18:01
532,45@purdue.edu,46@purdue.edu,2/10/15 19:18
533,95@purdue.edu,140@purdue.edu,2/10/15 20:23
534,77@purdue.edu,63@purdue.edu,2/11/15 0:46
535,166@purdue.edu,63@purdue.edu,2/11/15 0:46
536,0@purdue.edu,111@purdue.edu,2/11/15 12:05
537,111@purdue.edu,47@purdue.edu,2/11/15 13:16
538,0@purdue.edu,47@purdue.edu,2/11/15 13:33
539,47@purdue.edu,31@purdue.edu,2/11/15 13:38
540,47@purdue.edu,31@purdue.edu,2/11/15 13:43
541,31@purdue.edu,47@purdue.edu,2/11/15 13:48
542,0@purdue.edu,95@purdue.edu,2/11/15 14:04
543,95@purdue.edu,95@purdue.edu,2/11/15 14:05
544,0@purdue.edu,40@purdue.edu,2/11/15 15:13
545,95@purdue.edu,95@purdue.edu,2/11/15 15:16
546,95@purdue.edu,151@purdue.edu,2/11/15 15:32
547,95@purdue.edu,150@purdue.edu,2/11/15 15:51
548,150@purdue.edu,150@purdue.edu,2/11/15 15:51
549,151@purdue.edu,4@purdue.edu,2/11/15 16:13
550,95@purdue.edu,148@purdue.edu,2/11/15 16:36
551,0@purdue.edu,165@purdue.edu,2/11/15 20:02
552,165@purdue.edu,165@purdue.edu,2/11/15 20:04
553,0@purdue.edu,167@purdue.edu,2/12/15 14:31
554,167@purdue.edu,160@purdue.edu,2/12/15 21:13
555,95@purdue.edu,26@purdue.edu,2/12/15 21:32
556,0@purdue.edu,29@purdue.edu,2/13/15 8:40
557,29@purdue.edu,29@purdue.edu,2/13/15 8:47
558,29@purdue.edu,76@purdue.edu,2/13/15 11:02
559,0@purdue.edu,111@purdue.edu,2/11/15 12:04
560,0@purdue.edu,31@purdue.edu,2/11/15 13:47
561,111@purdue.edu,30@purdue.edu,2/11/15 13:48
562,31@purdue.edu,68@purdue.edu,2/11/15 14:00
563,31@purdue.edu,153@purdue.edu,2/11/15 15:42
564,31@purdue.edu,148@purdue.edu,2/11/15 17:14
565,31@purdue.edu,165@purdue.edu,2/11/15 20:14
566,111@purdue.edu,165@purdue.edu,2/11/15 20:16
567,31@purdue.edu,163@purdue.edu,2/12/15 15:50
568,163@purdue.edu,163@purdue.edu,2/12/15 16:01
569,31@purdue.edu,26@purdue.edu,2/12/15 21:43
570,26@purdue.edu,37@purdue.edu,2/12/15 22:39
571,37@purdue.edu,29@purdue.edu,2/13/15 8:57
572,37@purdue.edu,99@purdue.edu,2/13/15 10:17
573,0@purdue.edu,61@purdue.edu,2/13/15 15:57
574,0@purdue.edu,168@purdue.edu,2/13/15 16:14
575,168@purdue.edu,168@purdue.edu,2/13/15 16:15
576,0@purdue.edu,67@purdue.edu,2/13/15 16:37
577,67@purdue.edu,67@purdue.edu,2/13/15 17:19
578,168@purdue.edu,169@purdue.edu,2/13/15 19:42
579,168@purdue.edu,5@purdue.edu,2/13/15 20:42
580,0@purdue.edu,10@purdue.edu,2/14/15 1:38
581,10@purdue.edu,10@purdue.edu,2/14/15 1:38
582,168@purdue.edu,153@purdue.edu,2/14/15 15:09
583,10@purdue.edu,8@purdue.edu,2/14/15 22:48
584,0@purdue.edu,20@purdue.edu,2/15/15 14:25
585,20@purdue.edu,56@purdue.edu,2/15/15 14:41
586,0@purdue.edu,56@purdue.edu,2/15/15 14:44
587,56@purdue.edu,56@purdue.edu,2/15/15 14:45
588,56@purdue.edu,56@purdue.edu,2/15/15 14:54
589,153@purdue.edu,151@purdue.edu,2/15/15 15:09
590,168@purdue.edu,148@purdue.edu,2/15/15 15:56
591,61@purdue.edu,166@purdue.edu,2/15/15 16:41
592,56@purdue.edu,63@purdue.edu,2/15/15 16:46
593,8@purdue.edu,10@purdue.edu,2/15/15 17:24
594,5@purdue.edu,63@purdue.edu,2/15/15 17:56
595,0@purdue.edu,78@purdue.edu,2/15/15 19:07
596,153@purdue.edu,153@purdue.edu,2/15/15 19:28
597,148@purdue.edu,10@purdue.edu,2/15/15 19:41
598,56@purdue.edu,20@purdue.edu,2/15/15 20:19
599,78@purdue.edu,17@purdue.edu,2/15/15 23:24
600,0@purdue.edu,170@purdue.edu,2/15/15 23:26
601,20@purdue.edu,170@purdue.edu,2/15/15 23:30
602,168@purdue.edu,129@purdue.edu,2/16/15 0:28
603,0@purdue.edu,61@purdue.edu,2/13/15 15:58
604,61@purdue.edu,168@purdue.edu,2/13/15 16:29
605,61@purdue.edu,115@purdue.edu,2/13/15 17:33
606,0@purdue.edu,5@purdue.edu,2/13/15 21:00
607,0@purdue.edu,10@purdue.edu,2/14/15 2:10
608,0@purdue.edu,39@purdue.edu,2/14/15 22:27
609,0@purdue.edu,150@purdue.edu,2/14/15 23:54
610,39@purdue.edu,39@purdue.edu,2/15/15 1:01
611,150@purdue.edu,39@purdue.edu,2/15/15 1:02
612,10@purdue.edu,141@purdue.edu,2/15/15 14:13
613,61@purdue.edu,148@purdue.edu,2/15/15 16:43
614,141@purdue.edu,10@purdue.edu,2/15/15 17:24
615,61@purdue.edu,63@purdue.edu,2/15/15 18:51
616,63@purdue.edu,10@purdue.edu,2/15/15 19:40
617,0@purdue.edu,171@purdue.edu,2/15/15 21:54
618,61@purdue.edu,172@purdue.edu,2/15/15 22:24
619,0@purdue.edu,76@purdue.edu,2/16/15 12:08
620,0@purdue.edu,173@purdue.edu,2/16/15 12:12
621,0@purdue.edu,40@purdue.edu,2/16/15 12:33
622,0@purdue.edu,173@purdue.edu,2/16/15 12:40
623,0@purdue.edu,76@purdue.edu,2/16/15 12:41
624,173@purdue.edu,18@purdue.edu,2/16/15 13:17
625,173@purdue.edu,133@purdue.edu,2/16/15 13:42
626,173@purdue.edu,172@purdue.edu,2/16/15 13:46
627,133@purdue.edu,4@purdue.edu,2/16/15 14:29
628,76@purdue.edu,133@purdue.edu,2/16/15 14:30
629,133@purdue.edu,4@purdue.edu,2/16/15 14:34
630,4@purdue.edu,98@purdue.edu,2/16/15 14:46
631,4@purdue.edu,130@purdue.edu,2/16/15 15:04
632,4@purdue.edu,93@purdue.edu,2/16/15 15:15
633,173@purdue.edu,68@purdue.edu,2/16/15 15:22
634,40@purdue.edu,174@purdue.edu,2/16/15 15:45
635,133@purdue.edu,141@purdue.edu,2/16/15 16:03
636,133@purdue.edu,50@purdue.edu,2/16/15 16:14
637,173@purdue.edu,76@purdue.edu,2/16/15 16:32
638,76@purdue.edu,50@purdue.edu,2/16/15 16:33
639,4@purdue.edu,50@purdue.edu,2/16/15 16:43
640,0@purdue.edu,108@purdue.edu,2/16/15 17:21
641,76@purdue.edu,164@purdue.edu,2/16/15 17:26
642,40@purdue.edu,131@purdue.edu,2/16/15 18:40
643,0@purdue.edu,165@purdue.edu,2/16/15 21:24
644,4@purdue.edu,23@purdue.edu,2/17/15 0:02
645,108@purdue.edu,23@purdue.edu,2/17/15 0:08
646,0@purdue.edu,51@purdue.edu,2/17/15 9:15
647,76@purdue.edu,83@purdue.edu,2/17/15 11:19
648,0@purdue.edu,175@purdue.edu,2/17/15 15:33
649,133@purdue.edu,77@purdue.edu,2/17/15 16:21
650,0@purdue.edu,176@purdue.edu,2/17/15 16:59
651,40@purdue.edu,134@purdue.edu,2/17/15 17:14
652,176@purdue.edu,134@purdue.edu,2/17/15 17:17
653,176@purdue.edu,134@purdue.edu,2/17/15 17:32
654,4@purdue.edu,163@purdue.edu,2/17/15 18:27
655,133@purdue.edu,155@purdue.edu,2/17/15 18:29
656,0@purdue.edu,139@purdue.edu,2/17/15 18:52
657,139@purdue.edu,78@purdue.edu,2/17/15 20:25
658,139@purdue.edu,83@purdue.edu,2/17/15 20:53
659,40@purdue.edu,75@purdue.edu,2/17/15 21:18
660,175@purdue.edu,75@purdue.edu,2/17/15 21:19
661,133@purdue.edu,10@purdue.edu,2/17/15 22:27
662,0@purdue.edu,56@purdue.edu,2/17/15 22:35
663,56@purdue.edu,56@purdue.edu,2/17/15 22:46
664,0@purdue.edu,40@purdue.edu,2/16/15 12:34
665,40@purdue.edu,177@purdue.edu,2/16/15 13:07
666,0@purdue.edu,133@purdue.edu,2/16/15 14:56
667,133@purdue.edu,98@purdue.edu,2/16/15 15:14
668,177@purdue.edu,141@purdue.edu,2/16/15 15:15
669,177@purdue.edu,130@purdue.edu,2/16/15 15:17
670,98@purdue.edu,61@purdue.edu,2/16/15 15:28
671,177@purdue.edu,130@purdue.edu,2/16/15 15:28
672,40@purdue.edu,93@purdue.edu,2/16/15 15:32
673,40@purdue.edu,64@purdue.edu,2/16/15 15:37
674,0@purdue.edu,178@purdue.edu,2/16/15 16:17
675,178@purdue.edu,178@purdue.edu,2/16/15 16:18
676,98@purdue.edu,133@purdue.edu,2/16/15 16:19
677,0@purdue.edu,76@purdue.edu,2/16/15 16:38
678,0@purdue.edu,68@purdue.edu,2/16/15 17:37
679,98@purdue.edu,68@purdue.edu,2/16/15 21:29
680,0@purdue.edu,165@purdue.edu,2/16/15 21:39
681,98@purdue.edu,50@purdue.edu,2/16/15 23:26
682,68@purdue.edu,140@purdue.edu,2/16/15 23:54
683,0@purdue.edu,51@purdue.edu,2/17/15 9:12
684,130@purdue.edu,5@purdue.edu,2/17/15 17:18
685,98@purdue.edu,163@purdue.edu,2/17/15 18:46
686,40@purdue.edu,83@purdue.edu,2/17/15 21:52
687,163@purdue.edu,10@purdue.edu,2/17/15 22:28
688,68@purdue.edu,44@purdue.edu,2/18/15 12:44
689,0@purdue.edu,54@purdue.edu,2/20/15 12:08
690,0@purdue.edu,179@purdue.edu,2/20/15 12:15
691,0@purdue.edu,33@purdue.edu,2/20/15 13:28
692,0@purdue.edu,83@purdue.edu,2/20/15 13:52
693,179@purdue.edu,83@purdue.edu,2/20/15 14:23
694,0@purdue.edu,33@purdue.edu,2/20/15 14:27
695,54@purdue.edu,180@purdue.edu,2/20/15 14:41
696,54@purdue.edu,180@purdue.edu,2/20/15 14:50
697,180@purdue.edu,33@purdue.edu,2/20/15 15:35
698,0@purdue.edu,51@purdue.edu,2/21/15 11:45
699,54@purdue.edu,40@purdue.edu,2/21/15 13:11
700,0@purdue.edu,40@purdue.edu,2/21/15 13:13
701,54@purdue.edu,176@purdue.edu,2/21/15 16:12
702,176@purdue.edu,151@purdue.edu,2/21/15 16:23
703,176@purdue.edu,151@purdue.edu,2/21/15 16:50
704,0@purdue.edu,80@purdue.edu,2/21/15 18:52
705,0@purdue.edu,181@purdue.edu,2/21/15 19:41
706,40@purdue.edu,80@purdue.edu,2/21/15 22:29
707,83@purdue.edu,80@purdue.edu,2/21/15 22:32
708,0@purdue.edu,182@purdue.edu,2/22/15 14:59
709,0@purdue.edu,182@purdue.edu,2/22/15 15:10
710,0@purdue.edu,34@purdue.edu,2/22/15 16:40
711,34@purdue.edu,34@purdue.edu,2/22/15 17:01
712,179@purdue.edu,32@purdue.edu,2/22/15 18:49
713,51@purdue.edu,183@purdue.edu,2/22/15 19:20
714,182@purdue.edu,50@purdue.edu,2/22/15 23:39
715,33@purdue.edu,50@purdue.edu,2/22/15 23:42
716,34@purdue.edu,82@purdue.edu,2/23/15 1:33
717,0@purdue.edu,184@purdue.edu,2/21/15 11:03
718,0@purdue.edu,51@purdue.edu,2/21/15 13:05
719,0@purdue.edu,40@purdue.edu,2/21/15 13:30
720,0@purdue.edu,47@purdue.edu,2/21/15 13:49
721,184@purdue.edu,77@purdue.edu,2/21/15 13:59
722,0@purdue.edu,185@purdue.edu,2/21/15 14:27
723,0@purdue.edu,168@purdue.edu,2/21/15 17:35
724,184@purdue.edu,95@purdue.edu,2/21/15 19:30
725,0@purdue.edu,171@purdue.edu,2/21/15 20:03
726,0@purdue.edu,181@purdue.edu,2/21/15 20:27
727,181@purdue.edu,181@purdue.edu,2/21/15 20:51
728,0@purdue.edu,165@purdue.edu,2/22/15 1:20
729,95@purdue.edu,45@purdue.edu,2/22/15 13:21
730,165@purdue.edu,179@purdue.edu,2/22/15 15:15
731,51@purdue.edu,179@purdue.edu,2/22/15 15:19
732,0@purdue.edu,186@purdue.edu,2/22/15 16:34
733,0@purdue.edu,34@purdue.edu,2/22/15 17:30
734,0@purdue.edu,40@purdue.edu,2/23/15 13:10
735,40@purdue.edu,31@purdue.edu,2/23/15 13:24
736,31@purdue.edu,31@purdue.edu,2/23/15 13:24
737,40@purdue.edu,18@purdue.edu,2/23/15 14:31
738,40@purdue.edu,174@purdue.edu,2/23/15 14:39
739,40@purdue.edu,31@purdue.edu,2/23/15 15:35
740,40@purdue.edu,122@purdue.edu,2/23/15 17:46
741,31@purdue.edu,122@purdue.edu,2/23/15 17:48
742,122@purdue.edu,19@purdue.edu,2/23/15 17:53
743,0@purdue.edu,38@purdue.edu,2/23/15 19:16
744,38@purdue.edu,47@purdue.edu,2/23/15 19:56
745,47@purdue.edu,38@purdue.edu,2/23/15 20:02
746,47@purdue.edu,47@purdue.edu,2/23/15 20:12
747,47@purdue.edu,38@purdue.edu,2/23/15 20:12
748,40@purdue.edu,148@purdue.edu,2/23/15 20:56
749,0@purdue.edu,85@purdue.edu,2/23/15 23:30
750,85@purdue.edu,85@purdue.edu,2/24/15 0:06
751,40@purdue.edu,163@purdue.edu,2/24/15 0:27
752,38@purdue.edu,187@purdue.edu,2/24/15 15:30
753,187@purdue.edu,187@purdue.edu,2/24/15 15:39
754,18@purdue.edu,48@purdue.edu,2/24/15 20:12
755,0@purdue.edu,109@purdue.edu,2/24/15 21:47
756,0@purdue.edu,109@purdue.edu,2/24/15 21:51
757,109@purdue.edu,50@purdue.edu,2/25/15 1:08
758,0@purdue.edu,18@purdue.edu,2/23/15 14:43
759,0@purdue.edu,83@purdue.edu,2/23/15 15:10
760,18@purdue.edu,174@purdue.edu,2/23/15 15:10
761,83@purdue.edu,83@purdue.edu,2/23/15 15:10
762,0@purdue.edu,80@purdue.edu,2/23/15 15:52
763,0@purdue.edu,68@purdue.edu,2/23/15 15:58
764,68@purdue.edu,101@purdue.edu,2/23/15 16:13
765,0@purdue.edu,93@purdue.edu,2/23/15 16:17
766,93@purdue.edu,68@purdue.edu,2/23/15 16:22
767,0@purdue.edu,68@purdue.edu,2/23/15 16:25
768,0@purdue.edu,51@purdue.edu,2/23/15 16:45
769,68@purdue.edu,4@purdue.edu,2/23/15 17:02
770,4@purdue.edu,4@purdue.edu,2/23/15 17:03
771,0@purdue.edu,188@purdue.edu,2/23/15 18:51
772,0@purdue.edu,189@purdue.edu,2/23/15 20:50
773,0@purdue.edu,92@purdue.edu,2/23/15 21:01
774,93@purdue.edu,95@purdue.edu,2/23/15 21:31
775,189@purdue.edu,77@purdue.edu,2/23/15 21:36
776,0@purdue.edu,95@purdue.edu,2/23/15 22:22
777,0@purdue.edu,95@purdue.edu,2/23/15 22:24
778,95@purdue.edu,95@purdue.edu,2/23/15 22:47
779,189@purdue.edu,5@purdue.edu,2/23/15 22:48
780,95@purdue.edu,85@purdue.edu,2/23/15 23:56
781,85@purdue.edu,85@purdue.edu,2/23/15 23:57
782,95@purdue.edu,95@purdue.edu,2/24/15 0:05
783,188@purdue.edu,95@purdue.edu,2/24/15 0:27
784,95@purdue.edu,163@purdue.edu,2/24/15 0:46
785,95@purdue.edu,7@purdue.edu,2/24/15 13:13
786,93@purdue.edu,135@purdue.edu,2/24/15 15:51
787,7@purdue.edu,187@purdue.edu,2/24/15 16:21
788,95@purdue.edu,43@purdue.edu,2/24/15 18:19
789,7@purdue.edu,163@purdue.edu,2/24/15 22:01
790,68@purdue.edu,190@purdue.edu,2/24/15 22:41
791,5@purdue.edu,190@purdue.edu,2/24/15 23:11
792,93@purdue.edu,20@purdue.edu,2/24/15 23:32
793,0@purdue.edu,109@purdue.edu,2/25/15 13:55
794,109@purdue.edu,95@purdue.edu,2/25/15 14:53
795,0@purdue.edu,95@purdue.edu,2/25/15 14:53
796,95@purdue.edu,104@purdue.edu,2/25/15 15:52
797,95@purdue.edu,93@purdue.edu,2/25/15 16:05
798,0@purdue.edu,34@purdue.edu,2/25/15 16:24
799,95@purdue.edu,83@purdue.edu,2/25/15 16:50
800,0@purdue.edu,71@purdue.edu,2/25/15 17:23
801,95@purdue.edu,67@purdue.edu,2/25/15 17:32
802,104@purdue.edu,133@purdue.edu,2/25/15 17:32
803,71@purdue.edu,4@purdue.edu,2/25/15 17:42
804,0@purdue.edu,180@purdue.edu,2/25/15 21:22
805,0@purdue.edu,36@purdue.edu,2/25/15 21:36
806,36@purdue.edu,36@purdue.edu,2/25/15 21:41
807,0@purdue.edu,36@purdue.edu,2/25/15 22:09
808,95@purdue.edu,12@purdue.edu,2/25/15 23:08
809,95@purdue.edu,151@purdue.edu,2/26/15 12:47
810,95@purdue.edu,25@purdue.edu,2/26/15 15:11
811,0@purdue.edu,54@purdue.edu,2/26/15 16:47
812,0@purdue.edu,7@purdue.edu,2/26/15 17:05
813,7@purdue.edu,165@purdue.edu,2/26/15 17:54
814,95@purdue.edu,191@purdue.edu,2/26/15 18:05
815,104@purdue.edu,5@purdue.edu,2/26/15 20:14
816,0@purdue.edu,163@purdue.edu,2/26/15 20:30
817,163@purdue.edu,82@purdue.edu,2/26/15 20:39
818,82@purdue.edu,163@purdue.edu,2/26/15 21:10
819,0@purdue.edu,192@purdue.edu,2/26/15 21:29
820,192@purdue.edu,63@purdue.edu,2/26/15 22:15
821,34@purdue.edu,11@purdue.edu,2/27/15 2:38
822,0@purdue.edu,51@purdue.edu,2/25/15 16:01
823,0@purdue.edu,93@purdue.edu,2/25/15 16:07
824,0@purdue.edu,187@purdue.edu,2/25/15 18:27
825,0@purdue.edu,34@purdue.edu,2/25/15 19:04
826,187@purdue.edu,122@purdue.edu,2/25/15 19:33
827,122@purdue.edu,48@purdue.edu,2/25/15 20:11
828,0@purdue.edu,193@purdue.edu,2/25/15 20:26
829,193@purdue.edu,95@purdue.edu,2/25/15 21:08
830,0@purdue.edu,95@purdue.edu,2/25/15 21:13
831,95@purdue.edu,95@purdue.edu,2/25/15 21:54
832,0@purdue.edu,180@purdue.edu,2/25/15 22:01
833,0@purdue.edu,194@purdue.edu,2/25/15 22:13
834,95@purdue.edu,4@purdue.edu,2/25/15 22:14
835,194@purdue.edu,114@purdue.edu,2/25/15 22:14
836,95@purdue.edu,194@purdue.edu,2/25/15 22:40
837,0@purdue.edu,50@purdue.edu,2/26/15 1:28
838,0@purdue.edu,14@purdue.edu,2/26/15 9:28
839,4@purdue.edu,34@purdue.edu,2/26/15 13:20
840,95@purdue.edu,31@purdue.edu,2/26/15 15:11
841,95@purdue.edu,160@purdue.edu,2/26/15 15:14
842,95@purdue.edu,93@purdue.edu,2/26/15 15:56
843,0@purdue.edu,130@purdue.edu,2/26/15 17:26
844,130@purdue.edu,130@purdue.edu,2/26/15 17:30
845,95@purdue.edu,54@purdue.edu,2/26/15 17:52
846,54@purdue.edu,4@purdue.edu,2/26/15 17:58
847,14@purdue.edu,176@purdue.edu,2/26/15 21:05
848,31@purdue.edu,82@purdue.edu,2/26/15 22:07
849,130@purdue.edu,50@purdue.edu,2/27/15 0:03
850,95@purdue.edu,90@purdue.edu,2/27/15 2:23
851,0@purdue.edu,40@purdue.edu,2/27/15 12:58
852,40@purdue.edu,177@purdue.edu,2/27/15 14:34
853,40@purdue.edu,4@purdue.edu,2/27/15 14:42
854,4@purdue.edu,61@purdue.edu,2/27/15 15:18
855,40@purdue.edu,23@purdue.edu,2/27/15 19:36
856,61@purdue.edu,137@purdue.edu,2/28/15 3:53
857,0@purdue.edu,137@purdue.edu,2/28/15 4:28
858,0@purdue.edu,195@purdue.edu,2/28/15 11:16
859,195@purdue.edu,195@purdue.edu,2/28/15 11:19
860,195@purdue.edu,187@purdue.edu,2/28/15 11:42
861,61@purdue.edu,163@purdue.edu,2/28/15 11:45
862,61@purdue.edu,153@purdue.edu,2/28/15 17:28
863,187@purdue.edu,77@purdue.edu,2/28/15 18:02
864,77@purdue.edu,77@purdue.edu,2/28/15 18:08
865,61@purdue.edu,77@purdue.edu,2/28/15 18:09
866,0@purdue.edu,72@purdue.edu,2/28/15 18:50
867,72@purdue.edu,72@purdue.edu,2/28/15 19:05
868,0@purdue.edu,109@purdue.edu,2/28/15 23:01
869,109@purdue.edu,141@purdue.edu,3/1/15 9:53
870,0@purdue.edu,101@purdue.edu,3/1/15 13:27
871,72@purdue.edu,94@purdue.edu,3/1/15 15:12
872,195@purdue.edu,95@purdue.edu,3/1/15 15:34
873,95@purdue.edu,71@purdue.edu,3/1/15 16:24
874,101@purdue.edu,165@purdue.edu,3/1/15 19:39
875,195@purdue.edu,46@purdue.edu,3/1/15 20:10
876,94@purdue.edu,72@purdue.edu,3/1/15 22:11
877,0@purdue.edu,66@purdue.edu,3/1/15 23:00
878,0@purdue.edu,40@purdue.edu,2/27/15 13:33
879,40@purdue.edu,64@purdue.edu,2/27/15 14:28
880,40@purdue.edu,23@purdue.edu,2/27/15 19:48
881,40@purdue.edu,70@purdue.edu,2/27/15 20:14
882,0@purdue.edu,177@purdue.edu,2/27/15 21:56
883,0@purdue.edu,195@purdue.edu,2/28/15 11:54
884,0@purdue.edu,196@purdue.edu,2/28/15 17:07
885,0@purdue.edu,72@purdue.edu,2/28/15 18:44
886,196@purdue.edu,4@purdue.edu,3/1/15 12:17
887,0@purdue.edu,48@purdue.edu,3/1/15 12:51
888,72@purdue.edu,95@purdue.edu,3/1/15 16:11
889,40@purdue.edu,44@purdue.edu,3/1/15 16:47
890,48@purdue.edu,122@purdue.edu,3/1/15 17:12
891,40@purdue.edu,197@purdue.edu,3/1/15 19:10
892,44@purdue.edu,198@purdue.edu,3/1/15 23:05
893,40@purdue.edu,199@purdue.edu,3/1/15 23:37
894,44@purdue.edu,63@purdue.edu,3/1/15 23:59
895,0@purdue.edu,78@purdue.edu,3/2/15 12:17
896,78@purdue.edu,81@purdue.edu,3/2/15 12:24
897,0@purdue.edu,181@purdue.edu,3/2/15 12:33
898,81@purdue.edu,78@purdue.edu,3/2/15 12:34
899,0@purdue.edu,61@purdue.edu,3/2/15 12:49
900,61@purdue.edu,78@purdue.edu,3/2/15 12:52
901,181@purdue.edu,200@purdue.edu,3/2/15 13:33
902,0@purdue.edu,95@purdue.edu,3/2/15 13:56
903,95@purdue.edu,64@purdue.edu,3/2/15 14:26
904,181@purdue.edu,133@purdue.edu,3/2/15 14:38
905,0@purdue.edu,93@purdue.edu,3/2/15 15:24
906,133@purdue.edu,80@purdue.edu,3/2/15 15:31
907,64@purdue.edu,50@purdue.edu,3/2/15 15:41
908,0@purdue.edu,201@purdue.edu,3/2/15 15:41
909,133@purdue.edu,122@purdue.edu,3/2/15 15:42
910,133@purdue.edu,115@purdue.edu,3/2/15 15:48
911,93@purdue.edu,4@purdue.edu,3/2/15 15:49
912,201@purdue.edu,4@purdue.edu,3/2/15 15:50
913,0@purdue.edu,93@purdue.edu,3/2/15 15:54
914,201@purdue.edu,93@purdue.edu,3/2/15 15:55
915,0@purdue.edu,179@purdue.edu,3/2/15 15:57
916,95@purdue.edu,142@purdue.edu,3/2/15 15:57
917,179@purdue.edu,151@purdue.edu,3/2/15 15:59
918,151@purdue.edu,202@purdue.edu,3/2/15 16:01
919,0@purdue.edu,156@purdue.edu,3/2/15 16:16
920,200@purdue.edu,181@purdue.edu,3/2/15 16:26
921,181@purdue.edu,181@purdue.edu,3/2/15 16:27
922,201@purdue.edu,12@purdue.edu,3/2/15 16:51
923,0@purdue.edu,165@purdue.edu,3/2/15 19:11
924,165@purdue.edu,165@purdue.edu,3/2/15 19:13
925,0@purdue.edu,165@purdue.edu,3/2/15 19:15
926,0@purdue.edu,118@purdue.edu,3/2/15 22:58
927,118@purdue.edu,118@purdue.edu,3/2/15 23:00
928,133@purdue.edu,153@purdue.edu,3/3/15 14:00
929,64@purdue.edu,203@purdue.edu,3/3/15 16:36
930,118@purdue.edu,48@purdue.edu,3/3/15 20:15
931,0@purdue.edu,204@purdue.edu,3/3/15 22:08
932,204@purdue.edu,82@purdue.edu,3/4/15 0:13
933,0@purdue.edu,90@purdue.edu,3/4/15 2:22
934,0@purdue.edu,42@purdue.edu,3/4/15 13:02
935,0@purdue.edu,205@purdue.edu,3/4/15 13:28
936,0@purdue.edu,181@purdue.edu,3/2/15 12:40
937,0@purdue.edu,78@purdue.edu,3/2/15 12:49
938,78@purdue.edu,95@purdue.edu,3/2/15 14:22
939,0@purdue.edu,95@purdue.edu,3/2/15 14:39
940,0@purdue.edu,201@purdue.edu,3/2/15 16:03
941,0@purdue.edu,76@purdue.edu,3/2/15 16:19
942,95@purdue.edu,93@purdue.edu,3/2/15 16:26
943,76@purdue.edu,93@purdue.edu,3/2/15 16:28
944,78@purdue.edu,202@purdue.edu,3/2/15 16:37
945,0@purdue.edu,179@purdue.edu,3/2/15 16:39
946,181@purdue.edu,202@purdue.edu,3/2/15 16:43
947,76@purdue.edu,12@purdue.edu,3/2/15 17:22
948,0@purdue.edu,12@purdue.edu,3/2/15 17:23
949,12@purdue.edu,12@purdue.edu,3/2/15 17:31
950,181@purdue.edu,138@purdue.edu,3/2/15 17:50
951,0@purdue.edu,164@purdue.edu,3/2/15 19:01
952,0@purdue.edu,164@purdue.edu,3/2/15 19:26
953,0@purdue.edu,104@purdue.edu,3/2/15 19:38
954,95@purdue.edu,165@purdue.edu,3/2/15 20:23
955,164@purdue.edu,206@purdue.edu,3/2/15 20:33
956,0@purdue.edu,47@purdue.edu,3/2/15 21:24
957,78@purdue.edu,91@purdue.edu,3/2/15 21:29
958,164@purdue.edu,47@purdue.edu,3/2/15 21:32
959,47@purdue.edu,58@purdue.edu,3/2/15 21:57
960,138@purdue.edu,58@purdue.edu,3/2/15 22:00
961,0@purdue.edu,36@purdue.edu,3/3/15 1:16
962,179@purdue.edu,174@purdue.edu,3/3/15 11:49
963,36@purdue.edu,34@purdue.edu,3/3/15 12:01
964,0@purdue.edu,190@purdue.edu,3/3/15 20:51
965,190@purdue.edu,43@purdue.edu,3/3/15 21:54
966,0@purdue.edu,88@purdue.edu,3/3/15 22:41
967,91@purdue.edu,11@purdue.edu,3/4/15 7:23
968,0@purdue.edu,11@purdue.edu,3/4/15 7:27
969,11@purdue.edu,11@purdue.edu,3/4/15 7:33
970,0@purdue.edu,151@purdue.edu,3/4/15 14:29
971,0@purdue.edu,174@purdue.edu,3/4/15 14:30
972,0@purdue.edu,151@purdue.edu,3/4/15 14:32
973,0@purdue.edu,179@purdue.edu,3/4/15 14:34
974,174@purdue.edu,179@purdue.edu,3/4/15 14:35
975,0@purdue.edu,61@purdue.edu,3/4/15 16:46
976,61@purdue.edu,135@purdue.edu,3/4/15 17:17
977,0@purdue.edu,190@purdue.edu,3/4/15 22:33
978,190@purdue.edu,50@purdue.edu,3/4/15 23:56
979,190@purdue.edu,84@purdue.edu,3/5/15 20:19
980,151@purdue.edu,48@purdue.edu,3/5/15 21:03
981,0@purdue.edu,82@purdue.edu,3/5/15 23:33
982,82@purdue.edu,23@purdue.edu,3/6/15 1:28
983,0@purdue.edu,179@purdue.edu,3/4/15 14:31
984,0@purdue.edu,202@purdue.edu,3/4/15 14:35
985,202@purdue.edu,179@purdue.edu,3/4/15 14:40
986,179@purdue.edu,106@purdue.edu,3/4/15 15:12
987,0@purdue.edu,207@purdue.edu,3/4/15 15:25
988,207@purdue.edu,83@purdue.edu,3/4/15 15:38
989,179@purdue.edu,18@purdue.edu,3/4/15 16:12
990,207@purdue.edu,115@purdue.edu,3/4/15 17:12
991,0@purdue.edu,34@purdue.edu,3/4/15 20:12
992,34@purdue.edu,165@purdue.edu,3/4/15 21:50
993,165@purdue.edu,190@purdue.edu,3/4/15 23:00
994,0@purdue.edu,145@purdue.edu,3/4/15 23:24
995,0@purdue.edu,75@purdue.edu,3/5/15 9:59
996,75@purdue.edu,75@purdue.edu,3/5/15 10:03
997,145@purdue.edu,75@purdue.edu,3/5/15 10:04
998,190@purdue.edu,18@purdue.edu,3/5/15 11:00
999,145@purdue.edu,25@purdue.edu,3/5/15 11:04
1000,0@purdue.edu,197@purdue.edu,3/5/15 18:47
1001,0@purdue.edu,139@purdue.edu,3/5/15 19:05
1002,0@purdue.edu,47@purdue.edu,3/5/15 19:28
1003,179@purdue.edu,48@purdue.edu,3/5/15 21:04
1004,47@purdue.edu,43@purdue.edu,3/5/15 22:43
1005,139@purdue.edu,43@purdue.edu,3/5/15 22:51
1006,145@purdue.edu,43@purdue.edu,3/5/15 23:00
1007,0@purdue.edu,205@purdue.edu,3/5/15 23:07
1008,207@purdue.edu,49@purdue.edu,3/5/15 23:40
1009,49@purdue.edu,82@purdue.edu,3/6/15 0:13
1010,0@purdue.edu,18@purdue.edu,3/8/15 17:44
1011,0@purdue.edu,153@purdue.edu,3/10/15 19:07
1012,153@purdue.edu,18@purdue.edu,3/10/15 20:18
1013,0@purdue.edu,203@purdue.edu,3/10/15 20:54
1014,203@purdue.edu,203@purdue.edu,3/10/15 21:02
1015,18@purdue.edu,78@purdue.edu,3/10/15 23:46
1016,203@purdue.edu,200@purdue.edu,3/11/15 1:23
1017,0@purdue.edu,162@purdue.edu,3/11/15 15:58
1018,0@purdue.edu,153@purdue.edu,3/11/15 16:24
1019,162@purdue.edu,153@purdue.edu,3/11/15 16:27
1020,78@purdue.edu,77@purdue.edu,3/11/15 18:40
1021,153@purdue.edu,208@purdue.edu,3/11/15 18:53
1022,0@purdue.edu,149@purdue.edu,3/7/15 14:05
1023,0@purdue.edu,40@purdue.edu,3/8/15 22:00
1024,0@purdue.edu,5@purdue.edu,3/10/15 23:37
1025,0@purdue.edu,40@purdue.edu,3/11/15 15:37
1026,0@purdue.edu,176@purdue.edu,3/7/15 17:39
1027,176@purdue.edu,145@purdue.edu,3/7/15 18:17
1028,0@purdue.edu,133@purdue.edu,3/7/15 19:15
1029,176@purdue.edu,130@purdue.edu,3/7/15 19:51
1030,0@purdue.edu,47@purdue.edu,3/7/15 20:02
1031,176@purdue.edu,209@purdue.edu,3/7/15 20:14
1032,0@purdue.edu,107@purdue.edu,3/7/15 21:01
1033,107@purdue.edu,56@purdue.edu,3/7/15 21:24
1034,56@purdue.edu,52@purdue.edu,3/7/15 21:34
1035,0@purdue.edu,210@purdue.edu,3/7/15 21:36
1036,176@purdue.edu,133@purdue.edu,3/7/15 21:43
1037,52@purdue.edu,211@purdue.edu,3/7/15 21:47
1038,47@purdue.edu,211@purdue.edu,3/7/15 21:57
1039,0@purdue.edu,168@purdue.edu,3/8/15 1:36
1040,0@purdue.edu,93@purdue.edu,3/8/15 12:52
1041,211@purdue.edu,47@purdue.edu,3/8/15 12:54
1042,176@purdue.edu,12@purdue.edu,3/8/15 17:07
1043,176@purdue.edu,25@purdue.edu,3/8/15 18:14
1044,25@purdue.edu,25@purdue.edu,3/8/15 18:15
1045,133@purdue.edu,71@purdue.edu,3/8/15 18:17
1046,25@purdue.edu,71@purdue.edu,3/8/15 18:20
1047,210@purdue.edu,11@purdue.edu,3/8/15 18:54
1048,0@purdue.edu,40@purdue.edu,3/8/15 19:23
1049,0@purdue.edu,134@purdue.edu,3/8/15 20:03
1050,134@purdue.edu,134@purdue.edu,3/8/15 20:04
1051,11@purdue.edu,212@purdue.edu,3/9/15 4:13
1052,212@purdue.edu,11@purdue.edu,3/9/15 10:09
1053,0@purdue.edu,176@purdue.edu,3/7/15 17:41
1054,176@purdue.edu,135@purdue.edu,3/7/15 17:49
1055,0@purdue.edu,213@purdue.edu,3/7/15 18:26
1056,213@purdue.edu,64@purdue.edu,3/7/15 18:32
1057,64@purdue.edu,133@purdue.edu,3/7/15 19:20
1058,176@purdue.edu,209@purdue.edu,3/7/15 20:29
1059,0@purdue.edu,58@purdue.edu,3/7/15 21:36
1060,176@purdue.edu,5@purdue.edu,3/7/15 23:05
1061,0@purdue.edu,211@purdue.edu,3/7/15 23:16
1062,211@purdue.edu,211@purdue.edu,3/7/15 23:19
1063,176@purdue.edu,20@purdue.edu,3/7/15 23:43
1064,58@purdue.edu,58@purdue.edu,3/8/15 0:08
1065,58@purdue.edu,58@purdue.edu,3/8/15 0:09
1066,135@purdue.edu,23@purdue.edu,3/8/15 11:47
1067,20@purdue.edu,31@purdue.edu,3/8/15 14:55
1068,0@purdue.edu,95@purdue.edu,3/9/15 14:59
1069,95@purdue.edu,150@purdue.edu,3/9/15 15:10
1070,95@purdue.edu,95@purdue.edu,3/9/15 15:27
1071,95@purdue.edu,133@purdue.edu,3/9/15 16:00
1072,95@purdue.edu,150@purdue.edu,3/9/15 16:05
1073,95@purdue.edu,95@purdue.edu,3/9/15 16:21
1074,95@purdue.edu,104@purdue.edu,3/9/15 16:36
1075,0@purdue.edu,76@purdue.edu,3/9/15 16:44
1076,95@purdue.edu,133@purdue.edu,3/9/15 18:23
1077,0@purdue.edu,165@purdue.edu,3/9/15 18:57
1078,0@purdue.edu,148@purdue.edu,3/9/15 19:49
1079,0@purdue.edu,159@purdue.edu,3/9/15 22:31
1080,0@purdue.edu,159@purdue.edu,3/9/15 22:32
1081,148@purdue.edu,34@purdue.edu,3/10/15 0:10
1082,76@purdue.edu,52@purdue.edu,3/10/15 9:49
1083,133@purdue.edu,148@purdue.edu,3/10/15 10:31
1084,0@purdue.edu,72@purdue.edu,3/10/15 12:35
1085,0@purdue.edu,139@purdue.edu,3/10/15 14:43
1086,139@purdue.edu,206@purdue.edu,3/10/15 20:26
1087,95@purdue.edu,12@purdue.edu,3/10/15 21:04
1088,0@purdue.edu,214@purdue.edu,3/10/15 21:20
1089,72@purdue.edu,63@purdue.edu,3/10/15 21:50
1090,0@purdue.edu,82@purdue.edu,3/10/15 22:20
1091,0@purdue.edu,210@purdue.edu,3/11/15 0:27
1092,165@purdue.edu,11@purdue.edu,3/11/15 3:30
1093,95@purdue.edu,11@purdue.edu,3/11/15 3:33
1094,0@purdue.edu,71@purdue.edu,3/11/15 11:24
1095,82@purdue.edu,23@purdue.edu,3/12/15 21:50
1096,214@purdue.edu,42@purdue.edu,3/12/15 21:50
1097,0@purdue.edu,95@purdue.edu,3/9/15 15:53
1098,95@purdue.edu,133@purdue.edu,3/9/15 16:02
1099,133@purdue.edu,68@purdue.edu,3/9/15 16:26
1100,95@purdue.edu,95@purdue.edu,3/9/15 16:28
1101,0@purdue.edu,76@purdue.edu,3/9/15 16:30
1102,76@purdue.edu,95@purdue.edu,3/9/15 16:56
1103,76@purdue.edu,93@purdue.edu,3/9/15 18:14
1104,93@purdue.edu,93@purdue.edu,3/9/15 18:16
1105,95@purdue.edu,133@purdue.edu,3/9/15 18:21
1106,0@purdue.edu,34@purdue.edu,3/9/15 23:01
1107,0@purdue.edu,72@purdue.edu,3/9/15 23:42
1108,0@purdue.edu,18@purdue.edu,3/9/15 23:51
1109,0@purdue.edu,214@purdue.edu,3/10/15 21:21
1110,0@purdue.edu,63@purdue.edu,3/10/15 22:28
1111,0@purdue.edu,210@purdue.edu,3/11/15 0:28
1112,0@purdue.edu,125@purdue.edu,3/12/15 18:24
1113,0@purdue.edu,61@purdue.edu,3/12/15 10:54
1114,0@purdue.edu,175@purdue.edu,3/12/15 12:20
1115,175@purdue.edu,140@purdue.edu,3/12/15 23:22
1116,0@purdue.edu,83@purdue.edu,3/13/15 14:58
1117,0@purdue.edu,208@purdue.edu,3/13/15 15:40
1118,208@purdue.edu,177@purdue.edu,3/14/15 10:15
1119,61@purdue.edu,10@purdue.edu,3/20/15 14:48
1120,61@purdue.edu,95@purdue.edu,3/20/15 18:03
1121,83@purdue.edu,80@purdue.edu,3/20/15 20:34
1122,177@purdue.edu,109@purdue.edu,3/21/15 19:02
1123,208@purdue.edu,23@purdue.edu,3/22/15 15:27
1124,109@purdue.edu,34@purdue.edu,3/22/15 18:04
1125,177@purdue.edu,60@purdue.edu,3/22/15 23:09
1126,0@purdue.edu,61@purdue.edu,3/12/15 10:52
1127,0@purdue.edu,34@purdue.edu,3/12/15 14:09
1128,0@purdue.edu,172@purdue.edu,3/13/15 0:38
1129,0@purdue.edu,208@purdue.edu,3/13/15 15:56
1130,0@purdue.edu,160@purdue.edu,3/13/15 16:10
1131,0@purdue.edu,32@purdue.edu,3/19/15 20:02
1132,61@purdue.edu,10@purdue.edu,3/20/15 14:46
1133,0@purdue.edu,95@purdue.edu,3/20/15 20:21
1134,160@purdue.edu,95@purdue.edu,3/21/15 15:53
1135,95@purdue.edu,95@purdue.edu,3/21/15 15:53
1136,160@purdue.edu,95@purdue.edu,3/21/15 18:47
1137,0@purdue.edu,42@purdue.edu,3/22/15 12:29
1138,42@purdue.edu,12@purdue.edu,3/22/15 15:59
1139,12@purdue.edu,215@purdue.edu,3/30/15 18:47
1140,0@purdue.edu,122@purdue.edu,3/23/15 16:03
1141,0@purdue.edu,47@purdue.edu,3/23/15 16:03
1142,122@purdue.edu,47@purdue.edu,3/23/15 16:04
1143,122@purdue.edu,141@purdue.edu,3/23/15 16:07
1144,47@purdue.edu,216@purdue.edu,3/23/15 16:11
1145,47@purdue.edu,68@purdue.edu,3/23/15 16:14
1146,68@purdue.edu,68@purdue.edu,3/23/15 16:18
1147,47@purdue.edu,122@purdue.edu,3/23/15 16:41
1148,47@purdue.edu,18@purdue.edu,3/23/15 16:45
1149,0@purdue.edu,115@purdue.edu,3/23/15 17:04
1150,18@purdue.edu,169@purdue.edu,3/23/15 17:26
1151,0@purdue.edu,179@purdue.edu,3/23/15 18:10
1152,0@purdue.edu,87@purdue.edu,3/23/15 21:55
1153,179@purdue.edu,34@purdue.edu,3/23/15 22:12
1154,115@purdue.edu,92@purdue.edu,3/23/15 23:34
1155,34@purdue.edu,49@purdue.edu,3/24/15 16:16
1156,92@purdue.edu,109@purdue.edu,3/24/15 21:07
1157,0@purdue.edu,109@purdue.edu,3/24/15 21:27
1158,109@purdue.edu,56@purdue.edu,3/25/15 0:00
1159,109@purdue.edu,76@purdue.edu,3/25/15 0:02
1160,76@purdue.edu,109@purdue.edu,3/25/15 0:31
1161,0@purdue.edu,217@purdue.edu,3/25/15 4:30
1162,0@purdue.edu,10@purdue.edu,3/25/15 9:45
1163,0@purdue.edu,140@purdue.edu,3/23/15 16:42
1164,0@purdue.edu,122@purdue.edu,3/23/15 16:42
1165,0@purdue.edu,115@purdue.edu,3/23/15 16:57
1166,140@purdue.edu,133@purdue.edu,3/23/15 16:57
1167,140@purdue.edu,18@purdue.edu,3/23/15 17:18
1168,0@purdue.edu,179@purdue.edu,3/23/15 18:14
1169,0@purdue.edu,87@purdue.edu,3/23/15 22:22
1170,87@purdue.edu,87@purdue.edu,3/23/15 22:23
1171,87@purdue.edu,50@purdue.edu,3/24/15 0:34
1172,50@purdue.edu,87@purdue.edu,3/24/15 11:04
1173,0@purdue.edu,186@purdue.edu,3/24/15 18:02
1174,87@purdue.edu,50@purdue.edu,3/25/15 0:58
1175,87@purdue.edu,95@purdue.edu,4/1/15 19:51
1176,87@purdue.edu,95@purdue.edu,4/1/15 19:53
1177,0@purdue.edu,95@purdue.edu,3/25/15 13:18
1178,0@purdue.edu,20@purdue.edu,3/25/15 13:26
1179,20@purdue.edu,95@purdue.edu,3/25/15 13:41
1180,20@purdue.edu,78@purdue.edu,3/25/15 13:47
1181,0@purdue.edu,179@purdue.edu,3/25/15 14:18
1182,95@purdue.edu,17@purdue.edu,3/25/15 15:03
1183,17@purdue.edu,218@purdue.edu,3/25/15 15:08
1184,0@purdue.edu,219@purdue.edu,3/25/15 15:29
1185,0@purdue.edu,83@purdue.edu,3/25/15 15:31
1186,17@purdue.edu,18@purdue.edu,3/25/15 16:16
1187,17@purdue.edu,43@purdue.edu,3/25/15 16:22
1188,83@purdue.edu,77@purdue.edu,3/25/15 17:21
1189,218@purdue.edu,218@purdue.edu,3/25/15 17:27
1190,95@purdue.edu,126@purdue.edu,3/26/15 0:43
1191,179@purdue.edu,50@purdue.edu,3/26/15 0:49
1192,0@purdue.edu,10@purdue.edu,3/26/15 12:59
1193,10@purdue.edu,10@purdue.edu,3/26/15 13:00
1194,0@purdue.edu,171@purdue.edu,3/27/15 1:19
1195,0@purdue.edu,95@purdue.edu,3/25/15 13:24
1196,0@purdue.edu,179@purdue.edu,3/25/15 14:49
1197,179@purdue.edu,76@purdue.edu,3/25/15 15:04
1198,179@purdue.edu,95@purdue.edu,3/25/15 15:14
1199,179@purdue.edu,219@purdue.edu,3/25/15 15:50
1200,219@purdue.edu,95@purdue.edu,3/25/15 16:25
1201,95@purdue.edu,68@purdue.edu,3/25/15 16:38
1202,0@purdue.edu,104@purdue.edu,3/25/15 16:43
1203,104@purdue.edu,68@purdue.edu,3/25/15 16:50
1204,104@purdue.edu,18@purdue.edu,3/25/15 16:52
1205,0@purdue.edu,195@purdue.edu,3/25/15 18:42
1206,195@purdue.edu,174@purdue.edu,3/25/15 19:03
1207,174@purdue.edu,174@purdue.edu,3/25/15 19:04
1208,104@purdue.edu,125@purdue.edu,3/25/15 19:05
1209,0@purdue.edu,40@purdue.edu,3/25/15 19:34
1210,0@purdue.edu,148@purdue.edu,3/25/15 20:12
1211,40@purdue.edu,163@purdue.edu,3/25/15 20:26
1212,174@purdue.edu,20@purdue.edu,3/25/15 20:48
1213,179@purdue.edu,209@purdue.edu,3/25/15 22:58
1214,179@purdue.edu,50@purdue.edu,3/26/15 1:40
1215,195@purdue.edu,110@purdue.edu,3/26/15 9:48
1216,0@purdue.edu,191@purdue.edu,3/26/15 12:15
1217,191@purdue.edu,191@purdue.edu,3/26/15 12:25
1218,191@purdue.edu,33@purdue.edu,3/26/15 14:28
1219,0@purdue.edu,10@purdue.edu,3/26/15 15:10
1220,0@purdue.edu,10@purdue.edu,3/26/15 15:14
1221,10@purdue.edu,95@purdue.edu,3/26/15 16:43
1222,33@purdue.edu,169@purdue.edu,3/26/15 16:53
1223,95@purdue.edu,95@purdue.edu,3/26/15 16:57
1224,95@purdue.edu,95@purdue.edu,3/26/15 17:04
1225,0@purdue.edu,220@purdue.edu,3/26/15 19:25
1226,95@purdue.edu,10@purdue.edu,3/26/15 23:08
1227,95@purdue.edu,171@purdue.edu,3/27/15 2:21
1228,0@purdue.edu,171@purdue.edu,3/27/15 2:43
1229,95@purdue.edu,171@purdue.edu,3/27/15 2:47
1230,0@purdue.edu,171@purdue.edu,3/27/15 2:47
1231,125@purdue.edu,217@purdue.edu,3/27/15 3:24
1232,171@purdue.edu,217@purdue.edu,3/27/15 3:34
1233,10@purdue.edu,74@purdue.edu,3/27/15 7:00
1234,0@purdue.edu,77@purdue.edu,3/28/15 12:45
1235,0@purdue.edu,40@purdue.edu,3/28/15 14:26
1236,40@purdue.edu,206@purdue.edu,3/28/15 14:38
1237,206@purdue.edu,80@purdue.edu,3/28/15 14:41
1238,77@purdue.edu,52@purdue.edu,3/28/15 15:11
1239,80@purdue.edu,34@purdue.edu,3/28/15 15:18
1240,80@purdue.edu,80@purdue.edu,3/28/15 15:21
1241,77@purdue.edu,20@purdue.edu,3/28/15 15:27
1242,80@purdue.edu,34@purdue.edu,3/28/15 15:29
1243,20@purdue.edu,64@purdue.edu,3/28/15 17:04
1244,0@purdue.edu,52@purdue.edu,3/28/15 17:22
1245,77@purdue.edu,107@purdue.edu,3/28/15 18:28
1246,40@purdue.edu,180@purdue.edu,3/29/15 1:43
1247,206@purdue.edu,196@purdue.edu,3/29/15 11:50
1248,80@purdue.edu,32@purdue.edu,3/29/15 12:05
1249,52@purdue.edu,32@purdue.edu,3/29/15 12:08
1250,40@purdue.edu,77@purdue.edu,3/29/15 12:25
1251,52@purdue.edu,79@purdue.edu,3/29/15 13:37
1252,107@purdue.edu,76@purdue.edu,3/29/15 14:25
1253,196@purdue.edu,79@purdue.edu,3/29/15 14:59
1254,180@purdue.edu,122@purdue.edu,3/29/15 15:04
1255,80@purdue.edu,108@purdue.edu,3/29/15 16:22
1256,80@purdue.edu,32@purdue.edu,3/29/15 17:47
1257,77@purdue.edu,50@purdue.edu,3/30/15 0:12
1258,77@purdue.edu,213@purdue.edu,3/30/15 9:29
1259,0@purdue.edu,80@purdue.edu,3/28/15 15:30
1260,80@purdue.edu,101@purdue.edu,3/28/15 17:03
1261,101@purdue.edu,101@purdue.edu,3/28/15 17:06
1262,80@purdue.edu,12@purdue.edu,3/28/15 17:17
1263,101@purdue.edu,12@purdue.edu,3/28/15 17:27
1264,80@purdue.edu,64@purdue.edu,3/28/15 17:49
1265,12@purdue.edu,64@purdue.edu,3/28/15 17:50
1266,64@purdue.edu,200@purdue.edu,3/28/15 18:25
1267,101@purdue.edu,115@purdue.edu,3/28/15 20:25
1268,80@purdue.edu,131@purdue.edu,3/28/15 21:49
1269,131@purdue.edu,221@purdue.edu,3/28/15 21:57
1270,101@purdue.edu,211@purdue.edu,3/28/15 21:57
1271,0@purdue.edu,36@purdue.edu,3/28/15 21:58
1272,131@purdue.edu,107@purdue.edu,3/28/15 22:16
1273,36@purdue.edu,76@purdue.edu,3/29/15 14:37
1274,107@purdue.edu,126@purdue.edu,3/29/15 14:51
1275,200@purdue.edu,126@purdue.edu,3/29/15 14:55
1276,76@purdue.edu,122@purdue.edu,3/29/15 15:27
1277,80@purdue.edu,10@purdue.edu,3/29/15 15:32
1278,10@purdue.edu,34@purdue.edu,3/29/15 19:48
1279,101@purdue.edu,209@purdue.edu,3/29/15 20:03
1280,107@purdue.edu,221@purdue.edu,3/29/15 20:16
1281,10@purdue.edu,37@purdue.edu,3/29/15 20:24
1282,36@purdue.edu,25@purdue.edu,3/30/15 0:04
1283,0@purdue.edu,14@purdue.edu,3/30/15 18:30
1284,0@purdue.edu,131@purdue.edu,3/30/15 18:30
1285,131@purdue.edu,131@purdue.edu,3/30/15 18:32
1286,131@purdue.edu,215@purdue.edu,3/30/15 18:49
1287,131@purdue.edu,133@purdue.edu,3/30/15 19:04
1288,133@purdue.edu,180@purdue.edu,3/30/15 19:14
1289,14@purdue.edu,135@purdue.edu,3/30/15 19:18
1290,131@purdue.edu,135@purdue.edu,3/30/15 19:24
1291,131@purdue.edu,164@purdue.edu,3/30/15 19:39
1292,131@purdue.edu,164@purdue.edu,3/30/15 19:40
1293,135@purdue.edu,148@purdue.edu,3/30/15 19:46
1294,180@purdue.edu,115@purdue.edu,3/30/15 20:49
1295,131@purdue.edu,69@purdue.edu,3/30/15 20:50
1296,69@purdue.edu,115@purdue.edu,3/30/15 20:55
1297,69@purdue.edu,148@purdue.edu,3/30/15 21:00
1298,148@purdue.edu,22@purdue.edu,3/30/15 21:50
1299,135@purdue.edu,171@purdue.edu,3/31/15 0:52
1300,215@purdue.edu,133@purdue.edu,3/31/15 9:49
1301,131@purdue.edu,122@purdue.edu,3/31/15 12:47
1302,0@purdue.edu,77@purdue.edu,3/31/15 13:27
1303,77@purdue.edu,19@purdue.edu,3/31/15 17:56
1304,14@purdue.edu,26@purdue.edu,3/31/15 19:19
1305,0@purdue.edu,152@purdue.edu,3/31/15 19:42
1306,0@purdue.edu,171@purdue.edu,3/31/15 20:30
1307,133@purdue.edu,36@purdue.edu,3/31/15 22:17
1308,122@purdue.edu,17@purdue.edu,3/31/15 23:49
1309,122@purdue.edu,170@purdue.edu,4/1/15 0:11
1310,14@purdue.edu,172@purdue.edu,4/1/15 0:59
1311,152@purdue.edu,211@purdue.edu,4/1/15 1:50
1312,0@purdue.edu,95@purdue.edu,3/31/15 11:05
1313,0@purdue.edu,171@purdue.edu,3/31/15 12:04
1314,95@purdue.edu,148@purdue.edu,3/31/15 12:23
1315,95@purdue.edu,179@purdue.edu,3/31/15 12:43
1316,179@purdue.edu,52@purdue.edu,3/31/15 13:10
1317,0@purdue.edu,77@purdue.edu,3/31/15 14:09
1318,179@purdue.edu,125@purdue.edu,3/31/15 14:29
1319,171@purdue.edu,186@purdue.edu,3/31/15 14:34
1320,125@purdue.edu,95@purdue.edu,3/31/15 14:38
1321,95@purdue.edu,95@purdue.edu,3/31/15 14:38
1322,52@purdue.edu,14@purdue.edu,3/31/15 15:04
1323,179@purdue.edu,76@purdue.edu,3/31/15 15:49
1324,0@purdue.edu,52@purdue.edu,3/31/15 18:11
1325,186@purdue.edu,20@purdue.edu,3/31/15 19:00
1326,186@purdue.edu,31@purdue.edu,3/31/15 19:54
1327,31@purdue.edu,31@purdue.edu,3/31/15 20:04
1328,52@purdue.edu,83@purdue.edu,3/31/15 20:19
1329,0@purdue.edu,52@purdue.edu,3/31/15 20:39
1330,52@purdue.edu,134@purdue.edu,3/31/15 20:44
1331,134@purdue.edu,131@purdue.edu,3/31/15 22:50
1332,95@purdue.edu,12@purdue.edu,4/1/15 0:38
1333,0@purdue.edu,95@purdue.edu,4/1/15 14:09
1334,95@purdue.edu,128@purdue.edu,4/1/15 15:47
1335,0@purdue.edu,127@purdue.edu,4/1/15 16:24
1336,127@purdue.edu,107@purdue.edu,4/1/15 16:56
1337,107@purdue.edu,165@purdue.edu,4/1/15 19:00
1338,95@purdue.edu,95@purdue.edu,4/1/15 19:51
1339,95@purdue.edu,95@purdue.edu,4/1/15 20:43
1340,95@purdue.edu,95@purdue.edu,4/1/15 21:10
1341,95@purdue.edu,64@purdue.edu,4/1/15 21:24
1342,127@purdue.edu,95@purdue.edu,4/1/15 21:30
1343,64@purdue.edu,95@purdue.edu,4/1/15 21:34
1344,127@purdue.edu,148@purdue.edu,4/1/15 23:18
1345,64@purdue.edu,45@purdue.edu,4/2/15 8:48
1346,148@purdue.edu,89@purdue.edu,4/2/15 10:04
1347,165@purdue.edu,187@purdue.edu,4/2/15 10:05
1348,89@purdue.edu,187@purdue.edu,4/2/15 10:13
1349,165@purdue.edu,187@purdue.edu,4/2/15 10:21
1350,148@purdue.edu,33@purdue.edu,4/2/15 12:54
1351,64@purdue.edu,135@purdue.edu,4/2/15 14:31
1352,64@purdue.edu,64@purdue.edu,4/2/15 15:28
1353,0@purdue.edu,95@purdue.edu,4/2/15 17:12
1354,95@purdue.edu,208@purdue.edu,4/2/15 17:54
1355,33@purdue.edu,148@purdue.edu,4/2/15 17:54
1356,33@purdue.edu,148@purdue.edu,4/2/15 17:58
1357,89@purdue.edu,34@purdue.edu,4/2/15 20:41
1358,95@purdue.edu,110@purdue.edu,4/2/15 20:47
1359,95@purdue.edu,11@purdue.edu,4/3/15 2:25
1360,0@purdue.edu,95@purdue.edu,4/1/15 15:11
1361,0@purdue.edu,127@purdue.edu,4/1/15 17:10
1362,127@purdue.edu,208@purdue.edu,4/1/15 17:35
1363,127@purdue.edu,26@purdue.edu,4/1/15 17:44
1364,26@purdue.edu,108@purdue.edu,4/1/15 18:07
1365,26@purdue.edu,127@purdue.edu,4/1/15 18:24
1366,26@purdue.edu,165@purdue.edu,4/1/15 19:46
1367,165@purdue.edu,127@purdue.edu,4/1/15 20:54
1368,127@purdue.edu,133@purdue.edu,4/2/15 9:37
1369,133@purdue.edu,149@purdue.edu,4/2/15 10:05
1370,133@purdue.edu,148@purdue.edu,4/2/15 10:05
1371,148@purdue.edu,133@purdue.edu,4/2/15 10:10
1372,148@purdue.edu,133@purdue.edu,4/2/15 10:12
1373,149@purdue.edu,133@purdue.edu,4/2/15 10:15
1374,108@purdue.edu,211@purdue.edu,4/2/15 21:59
1375,95@purdue.edu,211@purdue.edu,4/2/15 22:04
1376,127@purdue.edu,211@purdue.edu,4/2/15 22:23
1377,127@purdue.edu,76@purdue.edu,4/2/15 22:56
1378,127@purdue.edu,211@purdue.edu,4/2/15 23:35
1379,95@purdue.edu,91@purdue.edu,4/3/15 1:04
1380,26@purdue.edu,222@purdue.edu,4/3/15 1:16
1381,0@purdue.edu,127@purdue.edu,4/3/15 14:26
1382,127@purdue.edu,213@purdue.edu,4/3/15 15:06
1383,213@purdue.edu,61@purdue.edu,4/3/15 15:12
1384,61@purdue.edu,96@purdue.edu,4/3/15 16:20
1385,0@purdue.edu,95@purdue.edu,4/3/15 17:34
1386,95@purdue.edu,95@purdue.edu,4/3/15 17:36
1387,0@purdue.edu,14@purdue.edu,4/3/15 19:29
1388,61@purdue.edu,76@purdue.edu,4/4/15 0:06
1389,14@purdue.edu,156@purdue.edu,4/4/15 8:15
1390,14@purdue.edu,18@purdue.edu,4/4/15 14:14
1391,14@purdue.edu,46@purdue.edu,4/4/15 14:20
1392,0@purdue.edu,52@purdue.edu,4/4/15 16:27
1393,52@purdue.edu,95@purdue.edu,4/4/15 17:34
1394,61@purdue.edu,115@purdue.edu,4/4/15 17:38
1395,14@purdue.edu,202@purdue.edu,4/4/15 20:08
1396,202@purdue.edu,202@purdue.edu,4/4/15 20:22
1397,127@purdue.edu,34@purdue.edu,4/5/15 15:46
1398,127@purdue.edu,36@purdue.edu,4/5/15 17:11
1399,36@purdue.edu,36@purdue.edu,4/5/15 17:12
1400,202@purdue.edu,5@purdue.edu,4/5/15 21:10
1401,127@purdue.edu,102@purdue.edu,4/6/15 0:15
1402,0@purdue.edu,14@purdue.edu,4/3/15 20:00
1403,0@purdue.edu,95@purdue.edu,4/3/15 23:27
1404,95@purdue.edu,95@purdue.edu,4/3/15 23:30
1405,14@purdue.edu,70@purdue.edu,4/4/15 14:31
1406,14@purdue.edu,18@purdue.edu,4/4/15 14:39
1407,14@purdue.edu,80@purdue.edu,4/4/15 15:48
1408,70@purdue.edu,93@purdue.edu,4/4/15 15:58
1409,14@purdue.edu,148@purdue.edu,4/4/15 16:48
1410,148@purdue.edu,95@purdue.edu,4/4/15 17:07
1411,95@purdue.edu,95@purdue.edu,4/4/15 17:08
1412,95@purdue.edu,148@purdue.edu,4/4/15 17:12
1413,148@purdue.edu,169@purdue.edu,4/4/15 17:23
1414,14@purdue.edu,95@purdue.edu,4/4/15 17:26
1415,95@purdue.edu,95@purdue.edu,4/4/15 17:28
1416,169@purdue.edu,95@purdue.edu,4/4/15 17:29
1417,95@purdue.edu,95@purdue.edu,4/4/15 17:30
1418,70@purdue.edu,211@purdue.edu,4/4/15 17:32
1419,95@purdue.edu,121@purdue.edu,4/4/15 21:37
1420,95@purdue.edu,148@purdue.edu,4/4/15 22:03
1421,148@purdue.edu,142@purdue.edu,4/4/15 22:55
1422,142@purdue.edu,52@purdue.edu,4/5/15 18:11
1423,142@purdue.edu,52@purdue.edu,4/5/15 18:37
1424,142@purdue.edu,90@purdue.edu,4/5/15 21:26
1425,95@purdue.edu,213@purdue.edu,4/6/15 10:22
1426,148@purdue.edu,216@purdue.edu,4/6/15 12:03
1427,0@purdue.edu,95@purdue.edu,4/6/15 14:13
1428,95@purdue.edu,223@purdue.edu,4/6/15 15:31
1429,95@purdue.edu,148@purdue.edu,4/6/15 15:46
1430,223@purdue.edu,108@purdue.edu,4/6/15 15:58
1431,95@purdue.edu,39@purdue.edu,4/6/15 16:15
1432,39@purdue.edu,165@purdue.edu,4/6/15 16:45
1433,39@purdue.edu,209@purdue.edu,4/6/15 16:46
1434,39@purdue.edu,165@purdue.edu,4/6/15 17:51
1435,165@purdue.edu,39@purdue.edu,4/6/15 18:02
1436,165@purdue.edu,39@purdue.edu,4/6/15 18:03
1437,0@purdue.edu,125@purdue.edu,4/6/15 18:17
1438,148@purdue.edu,95@purdue.edu,4/6/15 20:32
1439,125@purdue.edu,58@purdue.edu,4/6/15 20:43
1440,125@purdue.edu,63@purdue.edu,4/6/15 21:22
1441,63@purdue.edu,224@purdue.edu,4/6/15 21:34
1442,63@purdue.edu,165@purdue.edu,4/6/15 21:37
1443,0@purdue.edu,14@purdue.edu,4/6/15 22:45
1444,14@purdue.edu,79@purdue.edu,4/6/15 22:52
1445,14@purdue.edu,58@purdue.edu,4/6/15 22:53
1446,0@purdue.edu,52@purdue.edu,4/6/15 22:57
1447,52@purdue.edu,79@purdue.edu,4/6/15 23:09
1448,95@purdue.edu,150@purdue.edu,4/6/15 23:32
1449,209@purdue.edu,77@purdue.edu,4/7/15 0:02
1450,209@purdue.edu,77@purdue.edu,4/7/15 0:32
1451,165@purdue.edu,52@purdue.edu,4/7/15 10:49
1452,165@purdue.edu,209@purdue.edu,4/7/15 11:49
1453,150@purdue.edu,77@purdue.edu,4/7/15 13:00
1454,165@purdue.edu,33@purdue.edu,4/7/15 14:19
1455,58@purdue.edu,82@purdue.edu,4/7/15 20:18
1456,0@purdue.edu,225@purdue.edu,4/7/15 20:21
1457,82@purdue.edu,82@purdue.edu,4/7/15 20:30
1458,165@purdue.edu,82@purdue.edu,4/7/15 20:33
1459,225@purdue.edu,82@purdue.edu,4/7/15 20:34
1460,209@purdue.edu,115@purdue.edu,4/7/15 20:41
1461,82@purdue.edu,26@purdue.edu,4/7/15 20:45
1462,82@purdue.edu,225@purdue.edu,4/7/15 20:49
1463,52@purdue.edu,95@purdue.edu,4/7/15 20:50
1464,165@purdue.edu,82@purdue.edu,4/7/15 22:09
1465,0@purdue.edu,95@purdue.edu,4/7/15 22:12
1466,82@purdue.edu,82@purdue.edu,4/7/15 22:22
1467,95@purdue.edu,55@purdue.edu,4/7/15 22:30
1468,95@purdue.edu,95@purdue.edu,4/7/15 22:45
1469,95@purdue.edu,95@purdue.edu,4/7/15 23:05
1470,95@purdue.edu,144@purdue.edu,4/7/15 23:21
1471,95@purdue.edu,213@purdue.edu,4/7/15 23:46
1472,108@purdue.edu,172@purdue.edu,4/8/15 0:21
1473,95@purdue.edu,50@purdue.edu,4/8/15 2:19
1474,0@purdue.edu,95@purdue.edu,4/6/15 14:30
1475,95@purdue.edu,223@purdue.edu,4/6/15 15:34
1476,95@purdue.edu,148@purdue.edu,4/6/15 16:02
1477,223@purdue.edu,108@purdue.edu,4/6/15 16:17
1478,148@purdue.edu,115@purdue.edu,4/6/15 16:18
1479,148@purdue.edu,108@purdue.edu,4/6/15 16:20
1480,223@purdue.edu,209@purdue.edu,4/6/15 17:13
1481,95@purdue.edu,95@purdue.edu,4/6/15 20:40
1482,95@purdue.edu,213@purdue.edu,4/8/15 0:11
1483,213@purdue.edu,10@purdue.edu,4/8/15 10:56
1484,0@purdue.edu,104@purdue.edu,4/8/15 16:23
1485,104@purdue.edu,61@purdue.edu,4/8/15 17:05
1486,104@purdue.edu,226@purdue.edu,4/8/15 17:12
1487,104@purdue.edu,227@purdue.edu,4/8/15 17:14
1488,227@purdue.edu,132@purdue.edu,4/8/15 17:23
1489,104@purdue.edu,68@purdue.edu,4/8/15 19:55
1490,68@purdue.edu,33@purdue.edu,4/8/15 20:32
1491,33@purdue.edu,165@purdue.edu,4/8/15 23:30
1492,104@purdue.edu,156@purdue.edu,4/8/15 23:48
1493,156@purdue.edu,172@purdue.edu,4/9/15 1:06
1494,156@purdue.edu,39@purdue.edu,4/9/15 1:53
1495,39@purdue.edu,39@purdue.edu,4/9/15 1:58
1496,156@purdue.edu,200@purdue.edu,4/9/15 10:52
1497,33@purdue.edu,68@purdue.edu,4/9/15 11:19
1498,200@purdue.edu,10@purdue.edu,4/9/15 17:27
1499,200@purdue.edu,187@purdue.edu,4/9/15 18:34
1500,0@purdue.edu,85@purdue.edu,4/9/15 21:40
1501,85@purdue.edu,135@purdue.edu,4/9/15 22:37
1502,135@purdue.edu,213@purdue.edu,4/9/15 22:46
1503,0@purdue.edu,228@purdue.edu,4/8/15 22:58
1504,0@purdue.edu,95@purdue.edu,4/9/15 0:03
1505,95@purdue.edu,95@purdue.edu,4/9/15 0:09
1506,228@purdue.edu,165@purdue.edu,4/9/15 0:20
1507,95@purdue.edu,95@purdue.edu,4/9/15 0:24
1508,228@purdue.edu,172@purdue.edu,4/9/15 1:31
1509,95@purdue.edu,54@purdue.edu,4/9/15 12:53
1510,54@purdue.edu,133@purdue.edu,4/9/15 13:10
1511,172@purdue.edu,135@purdue.edu,4/9/15 14:02
1512,54@purdue.edu,76@purdue.edu,4/9/15 14:10
1513,135@purdue.edu,177@purdue.edu,4/9/15 14:13
1514,135@purdue.edu,77@purdue.edu,4/9/15 16:45
1515,0@purdue.edu,224@purdue.edu,4/9/15 18:00
1516,135@purdue.edu,110@purdue.edu,4/9/15 19:57
1517,224@purdue.edu,191@purdue.edu,4/9/15 20:28
1518,191@purdue.edu,79@purdue.edu,4/9/15 20:55
1519,224@purdue.edu,61@purdue.edu,4/9/15 21:46
1520,191@purdue.edu,91@purdue.edu,4/9/15 22:19
1521,0@purdue.edu,14@purdue.edu,4/9/15 22:24
1522,191@purdue.edu,82@purdue.edu,4/9/15 22:34
1523,191@purdue.edu,82@purdue.edu,4/9/15 22:36
1524,82@purdue.edu,148@purdue.edu,4/9/15 23:29
1525,14@purdue.edu,148@purdue.edu,4/9/15 23:50
1526,148@purdue.edu,206@purdue.edu,4/10/15 0:34
1527,82@purdue.edu,200@purdue.edu,4/10/15 1:13
1528,0@purdue.edu,22@purdue.edu,4/13/15 12:42
1529,22@purdue.edu,77@purdue.edu,4/13/15 12:59
1530,0@purdue.edu,77@purdue.edu,4/13/15 13:08
1531,22@purdue.edu,179@purdue.edu,4/13/15 14:14
1532,179@purdue.edu,179@purdue.edu,4/13/15 14:17
1533,179@purdue.edu,179@purdue.edu,4/13/15 14:18
1534,77@purdue.edu,40@purdue.edu,4/13/15 14:23
1535,0@purdue.edu,95@purdue.edu,4/13/15 14:44
1536,95@purdue.edu,4@purdue.edu,4/13/15 14:48
1537,95@purdue.edu,95@purdue.edu,4/13/15 15:08
1538,0@purdue.edu,181@purdue.edu,4/13/15 15:47
1539,95@purdue.edu,151@purdue.edu,4/13/15 17:03
1540,77@purdue.edu,115@purdue.edu,4/13/15 17:40
1541,95@purdue.edu,165@purdue.edu,4/13/15 19:51
1542,151@purdue.edu,165@purdue.edu,4/13/15 19:52
1543,95@purdue.edu,14@purdue.edu,4/13/15 20:00
1544,14@purdue.edu,14@purdue.edu,4/13/15 20:01
1545,95@purdue.edu,18@purdue.edu,4/13/15 20:40
1546,14@purdue.edu,95@purdue.edu,4/13/15 23:19
1547,18@purdue.edu,135@purdue.edu,4/13/15 23:49
1548,77@purdue.edu,8@purdue.edu,4/14/15 9:33
1549,8@purdue.edu,8@purdue.edu,4/14/15 9:44
1550,77@purdue.edu,77@purdue.edu,4/14/15 12:32
1551,165@purdue.edu,61@purdue.edu,4/14/15 15:01
1552,95@purdue.edu,95@purdue.edu,4/14/15 16:04
1553,95@purdue.edu,134@purdue.edu,4/14/15 18:50
1554,77@purdue.edu,134@purdue.edu,4/14/15 18:52
1555,40@purdue.edu,134@purdue.edu,4/14/15 18:53
1556,22@purdue.edu,172@purdue.edu,4/14/15 20:38
1557,95@purdue.edu,222@purdue.edu,4/14/15 23:12
1558,0@purdue.edu,95@purdue.edu,4/13/15 15:19
1559,95@purdue.edu,95@purdue.edu,4/13/15 15:19
1560,0@purdue.edu,181@purdue.edu,4/13/15 15:45
1561,95@purdue.edu,148@purdue.edu,4/13/15 16:06
1562,95@purdue.edu,12@purdue.edu,4/13/15 16:30
1563,95@purdue.edu,83@purdue.edu,4/13/15 16:55
1564,95@purdue.edu,153@purdue.edu,4/13/15 17:10
1565,83@purdue.edu,206@purdue.edu,4/13/15 17:14
1566,95@purdue.edu,19@purdue.edu,4/13/15 18:09
1567,19@purdue.edu,229@purdue.edu,4/13/15 18:20
1568,19@purdue.edu,195@purdue.edu,4/13/15 18:23
1569,19@purdue.edu,8@purdue.edu,4/14/15 10:01
1570,181@purdue.edu,47@purdue.edu,4/14/15 10:42
1571,8@purdue.edu,133@purdue.edu,4/14/15 10:42
1572,153@purdue.edu,133@purdue.edu,4/14/15 10:43
1573,153@purdue.edu,77@purdue.edu,4/14/15 12:56
1574,8@purdue.edu,99@purdue.edu,4/14/15 18:13
1575,0@purdue.edu,52@purdue.edu,4/14/15 18:46
1576,8@purdue.edu,134@purdue.edu,4/14/15 21:17
1577,52@purdue.edu,230@purdue.edu,4/14/15 22:14
1578,0@purdue.edu,104@purdue.edu,4/15/15 17:39
1579,104@purdue.edu,165@purdue.edu,4/15/15 18:53
1580,165@purdue.edu,165@purdue.edu,4/15/15 18:55
1581,165@purdue.edu,165@purdue.edu,4/15/15 18:55
1582,104@purdue.edu,68@purdue.edu,4/15/15 19:08
1583,104@purdue.edu,95@purdue.edu,4/15/15 19:35
1584,104@purdue.edu,148@purdue.edu,4/15/15 20:32
1585,148@purdue.edu,148@purdue.edu,4/15/15 20:44
1586,104@purdue.edu,14@purdue.edu,4/15/15 20:59
1587,14@purdue.edu,148@purdue.edu,4/15/15 22:02
1588,148@purdue.edu,187@purdue.edu,4/16/15 19:59
1589,148@purdue.edu,208@purdue.edu,4/16/15 20:19
1590,208@purdue.edu,148@purdue.edu,4/16/15 20:40
1591,208@purdue.edu,148@purdue.edu,4/16/15 20:41
1592,0@purdue.edu,127@purdue.edu,4/15/15 16:52
1593,127@purdue.edu,165@purdue.edu,4/15/15 18:40
1594,165@purdue.edu,115@purdue.edu,4/15/15 19:21
1595,165@purdue.edu,95@purdue.edu,4/15/15 19:23
1596,95@purdue.edu,80@purdue.edu,4/15/15 19:27
1597,127@purdue.edu,148@purdue.edu,4/15/15 20:01
1598,148@purdue.edu,76@purdue.edu,4/15/15 20:20
1599,76@purdue.edu,148@purdue.edu,4/15/15 20:36
1600,148@purdue.edu,76@purdue.edu,4/15/15 21:03
1601,148@purdue.edu,76@purdue.edu,4/15/15 21:05
1602,148@purdue.edu,206@purdue.edu,4/15/15 21:12
1603,206@purdue.edu,148@purdue.edu,4/15/15 21:36
1604,148@purdue.edu,77@purdue.edu,4/16/15 13:34
1605,148@purdue.edu,14@purdue.edu,4/16/15 15:56
1606,148@purdue.edu,187@purdue.edu,4/16/15 16:14
1607,127@purdue.edu,156@purdue.edu,4/16/15 16:37
1608,156@purdue.edu,121@purdue.edu,4/16/15 18:15
1609,127@purdue.edu,172@purdue.edu,4/16/15 19:15
1610,0@purdue.edu,14@purdue.edu,4/17/15 13:15
1611,14@purdue.edu,76@purdue.edu,4/17/15 15:47
1612,76@purdue.edu,14@purdue.edu,4/17/15 15:51
1613,14@purdue.edu,18@purdue.edu,4/17/15 17:12
1614,14@purdue.edu,80@purdue.edu,4/17/15 17:52
1615,18@purdue.edu,195@purdue.edu,4/17/15 18:04
1616,0@purdue.edu,52@purdue.edu,4/17/15 18:36
1617,18@purdue.edu,76@purdue.edu,4/17/15 22:26
1618,52@purdue.edu,141@purdue.edu,4/18/15 9:31
1619,141@purdue.edu,19@purdue.edu,4/18/15 10:44
1620,14@purdue.edu,211@purdue.edu,4/18/15 17:15
1621,76@purdue.edu,121@purdue.edu,4/18/15 18:09
1622,80@purdue.edu,169@purdue.edu,4/18/15 21:17
1623,211@purdue.edu,211@purdue.edu,4/18/15 21:41
1624,14@purdue.edu,109@purdue.edu,4/18/15 23:29
1625,0@purdue.edu,152@purdue.edu,4/19/15 13:18
1626,152@purdue.edu,31@purdue.edu,4/19/15 13:25
1627,76@purdue.edu,12@purdue.edu,4/19/15 15:07
1628,0@purdue.edu,50@purdue.edu,4/19/15 19:30
1629,50@purdue.edu,191@purdue.edu,4/20/15 0:12
1630,18@purdue.edu,231@purdue.edu,5/1/15 12:50
1631,0@purdue.edu,14@purdue.edu,4/17/15 13:25
1632,14@purdue.edu,106@purdue.edu,4/17/15 14:19
1633,106@purdue.edu,64@purdue.edu,4/17/15 15:36
1634,106@purdue.edu,76@purdue.edu,4/17/15 16:22
1635,14@purdue.edu,18@purdue.edu,4/17/15 17:22
1636,106@purdue.edu,213@purdue.edu,4/17/15 18:25
1637,14@purdue.edu,95@purdue.edu,4/18/15 16:51
1638,95@purdue.edu,121@purdue.edu,4/18/15 18:34
1639,14@purdue.edu,137@purdue.edu,4/18/15 18:42
1640,121@purdue.edu,137@purdue.edu,4/18/15 18:51
1641,137@purdue.edu,126@purdue.edu,4/18/15 19:48
1642,14@purdue.edu,126@purdue.edu,4/18/15 19:50
1643,121@purdue.edu,31@purdue.edu,4/19/15 13:10
1644,126@purdue.edu,37@purdue.edu,4/19/15 22:43
1645,0@purdue.edu,95@purdue.edu,4/20/15 13:45
1646,0@purdue.edu,95@purdue.edu,4/20/15 13:47
1647,95@purdue.edu,232@purdue.edu,4/20/15 14:34
1648,232@purdue.edu,106@purdue.edu,4/20/15 14:36
1649,232@purdue.edu,133@purdue.edu,4/20/15 14:54
1650,133@purdue.edu,106@purdue.edu,4/20/15 15:06
1651,133@purdue.edu,68@purdue.edu,4/20/15 15:22
1652,95@purdue.edu,93@purdue.edu,4/20/15 15:56
1653,95@purdue.edu,163@purdue.edu,4/20/15 18:31
1654,163@purdue.edu,163@purdue.edu,4/21/15 17:11
1655,0@purdue.edu,77@purdue.edu,4/21/15 22:39
1656,133@purdue.edu,19@purdue.edu,4/23/15 21:18
1657,133@purdue.edu,19@purdue.edu,4/23/15 21:19
1658,95@purdue.edu,8@purdue.edu,4/23/15 23:15
1659,133@purdue.edu,233@purdue.edu,4/24/15 0:43
1660,77@purdue.edu,34@purdue.edu,4/24/15 0:46
1661,95@purdue.edu,234@purdue.edu,4/24/15 6:29
1662,0@purdue.edu,95@purdue.edu,4/20/15 14:37
1663,95@purdue.edu,95@purdue.edu,4/20/15 14:38
1664,95@purdue.edu,83@purdue.edu,4/20/15 16:15
1665,95@purdue.edu,235@purdue.edu,4/20/15 20:27
1666,95@purdue.edu,63@purdue.edu,4/20/15 20:41
1667,235@purdue.edu,63@purdue.edu,4/20/15 20:43
1668,95@purdue.edu,95@purdue.edu,4/20/15 22:05
1669,95@purdue.edu,163@purdue.edu,4/21/15 12:07
1670,95@purdue.edu,150@purdue.edu,4/22/15 14:10
1671,95@purdue.edu,169@purdue.edu,4/23/15 0:49
1672,95@purdue.edu,149@purdue.edu,4/23/15 13:53
1673,163@purdue.edu,77@purdue.edu,4/23/15 20:02
1674,149@purdue.edu,102@purdue.edu,4/23/15 22:05
1675,63@purdue.edu,113@purdue.edu,4/24/15 10:49
1676,163@purdue.edu,34@purdue.edu,4/24/15 11:00
1677,0@purdue.edu,236@purdue.edu,4/24/15 13:17
1678,236@purdue.edu,64@purdue.edu,4/24/15 13:55
1679,236@purdue.edu,111@purdue.edu,4/24/15 20:30
1680,0@purdue.edu,219@purdue.edu,4/24/15 23:37
1681,236@purdue.edu,149@purdue.edu,4/25/15 10:32
1682,219@purdue.edu,102@purdue.edu,4/25/15 17:20
1683,102@purdue.edu,85@purdue.edu,4/26/15 19:28
1684,219@purdue.edu,213@purdue.edu,4/26/15 20:53
1685,219@purdue.edu,213@purdue.edu,4/26/15 20:55
1686,0@purdue.edu,45@purdue.edu,4/24/15 15:30
1687,45@purdue.edu,115@purdue.edu,4/24/15 17:15
1688,45@purdue.edu,195@purdue.edu,4/24/15 17:31
1689,195@purdue.edu,45@purdue.edu,4/24/15 20:58
1690,45@purdue.edu,111@purdue.edu,4/24/15 21:27
1691,0@purdue.edu,219@purdue.edu,4/25/15 0:20
1692,219@purdue.edu,8@purdue.edu,4/25/15 14:17
1693,8@purdue.edu,219@purdue.edu,4/25/15 17:36
1694,0@purdue.edu,52@purdue.edu,4/25/15 18:22
1695,52@purdue.edu,34@purdue.edu,4/25/15 20:04
1696,34@purdue.edu,34@purdue.edu,4/25/15 20:09
1697,111@purdue.edu,169@purdue.edu,4/25/15 20:20
1698,0@purdue.edu,237@purdue.edu,4/25/15 23:07
1699,0@purdue.edu,237@purdue.edu,4/25/15 23:07
1700,52@purdue.edu,108@purdue.edu,4/26/15 10:38
1701,237@purdue.edu,95@purdue.edu,4/26/15 15:40
1702,45@purdue.edu,148@purdue.edu,4/26/15 17:22
1703,0@purdue.edu,95@purdue.edu,4/26/15 18:43
1704,95@purdue.edu,95@purdue.edu,4/26/15 18:44
1705,45@purdue.edu,213@purdue.edu,4/26/15 21:51
1706,45@purdue.edu,213@purdue.edu,4/26/15 21:52
1707,52@purdue.edu,132@purdue.edu,4/27/15 0:02
1708,52@purdue.edu,91@purdue.edu,4/27/15 2:12
1709,95@purdue.edu,11@purdue.edu,4/27/15 5:32
1710,45@purdue.edu,231@purdue.edu,5/1/15 13:03
1711,0@purdue.edu,236@purdue.edu,4/27/15 15:11
1712,236@purdue.edu,122@purdue.edu,4/27/15 16:34
1713,236@purdue.edu,111@purdue.edu,4/27/15 16:36
1714,0@purdue.edu,95@purdue.edu,4/27/15 17:04
1715,111@purdue.edu,34@purdue.edu,4/27/15 18:54
1716,95@purdue.edu,34@purdue.edu,4/27/15 18:56
1717,0@purdue.edu,137@purdue.edu,4/27/15 18:57
1718,34@purdue.edu,34@purdue.edu,4/27/15 18:59
1719,95@purdue.edu,137@purdue.edu,4/27/15 19:02
1720,137@purdue.edu,111@purdue.edu,4/27/15 19:02
1721,137@purdue.edu,34@purdue.edu,4/27/15 19:03
1722,34@purdue.edu,111@purdue.edu,4/27/15 19:04
1723,137@purdue.edu,137@purdue.edu,4/27/15 19:05
1724,34@purdue.edu,95@purdue.edu,4/27/15 22:05
1725,111@purdue.edu,95@purdue.edu,4/27/15 22:10
1726,95@purdue.edu,214@purdue.edu,4/28/15 11:48
1727,95@purdue.edu,35@purdue.edu,4/28/15 13:50
1728,0@purdue.edu,37@purdue.edu,4/28/15 15:54
1729,95@purdue.edu,144@purdue.edu,4/28/15 21:02
1730,144@purdue.edu,52@purdue.edu,4/28/15 21:45
1731,144@purdue.edu,134@purdue.edu,4/28/15 22:07
1732,35@purdue.edu,109@purdue.edu,4/28/15 23:50
1733,236@purdue.edu,172@purdue.edu,4/29/15 1:20
1734,134@purdue.edu,233@purdue.edu,4/29/15 1:24
1735,0@purdue.edu,90@purdue.edu,4/29/15 1:32
1736,137@purdue.edu,163@purdue.edu,4/29/15 8:10
1737,236@purdue.edu,231@purdue.edu,5/1/15 13:02
1738,0@purdue.edu,77@purdue.edu,4/27/15 18:07
1739,77@purdue.edu,195@purdue.edu,4/27/15 18:20
1740,77@purdue.edu,111@purdue.edu,4/27/15 18:56
1741,0@purdue.edu,34@purdue.edu,4/27/15 19:29
1742,34@purdue.edu,83@purdue.edu,4/27/15 19:41
1743,0@purdue.edu,219@purdue.edu,4/27/15 20:47
1744,77@purdue.edu,77@purdue.edu,4/27/15 21:24
1745,0@purdue.edu,95@purdue.edu,4/27/15 23:43
1746,111@purdue.edu,142@purdue.edu,4/28/15 0:02
1747,77@purdue.edu,18@purdue.edu,4/28/15 0:24
1748,18@purdue.edu,18@purdue.edu,4/28/15 0:25
1749,18@purdue.edu,214@purdue.edu,4/28/15 11:46
1750,219@purdue.edu,46@purdue.edu,4/28/15 20:13
1751,34@purdue.edu,63@purdue.edu,4/28/15 21:50
1752,214@purdue.edu,172@purdue.edu,4/29/15 0:56
1753,46@purdue.edu,233@purdue.edu,4/29/15 1:20
1754,0@purdue.edu,20@purdue.edu,4/29/15 15:17
1755,20@purdue.edu,127@purdue.edu,4/29/15 15:30
1756,20@purdue.edu,206@purdue.edu,4/29/15 15:32
1757,206@purdue.edu,206@purdue.edu,4/29/15 15:35
1758,127@purdue.edu,61@purdue.edu,4/29/15 15:41
1759,127@purdue.edu,32@purdue.edu,4/29/15 16:55
1760,127@purdue.edu,125@purdue.edu,4/29/15 17:03
1761,32@purdue.edu,5@purdue.edu,4/29/15 21:26
1762,0@purdue.edu,24@purdue.edu,4/29/15 21:32
1763,24@purdue.edu,24@purdue.edu,4/29/15 21:44
1764,125@purdue.edu,34@purdue.edu,4/29/15 21:54
1765,125@purdue.edu,142@purdue.edu,4/29/15 22:02
1766,20@purdue.edu,111@purdue.edu,4/29/15 22:29
1767,127@purdue.edu,111@purdue.edu,4/29/15 22:29
1768,127@purdue.edu,8@purdue.edu,4/29/15 22:33
1769,24@purdue.edu,76@purdue.edu,4/30/15 14:54
1770,0@purdue.edu,171@purdue.edu,4/30/15 15:20
1771,171@purdue.edu,171@purdue.edu,4/30/15 15:21
1772,0@purdue.edu,171@purdue.edu,4/30/15 15:22
1773,20@purdue.edu,182@purdue.edu,4/30/15 20:27
1774,182@purdue.edu,126@purdue.edu,4/30/15 22:52
1775,76@purdue.edu,233@purdue.edu,4/30/15 23:39
1776,171@purdue.edu,140@purdue.edu,5/1/15 0:12
1777,127@purdue.edu,214@purdue.edu,5/1/15 1:08
1778,8@purdue.edu,109@purdue.edu,5/1/15 1:48
1779,127@purdue.edu,10@purdue.edu,5/1/15 10:49
1780,10@purdue.edu,10@purdue.edu,5/1/15 10:50
1781,171@purdue.edu,181@purdue.edu,5/1/15 12:57
1782,20@purdue.edu,231@purdue.edu,5/1/15 13:01
1783,0@purdue.edu,181@purdue.edu,5/1/15 13:01
1784,8@purdue.edu,44@purdue.edu,5/1/15 13:39
1785,0@purdue.edu,127@purdue.edu,4/29/15 16:25
1786,127@purdue.edu,135@purdue.edu,4/29/15 16:38
1787,127@purdue.edu,125@purdue.edu,4/29/15 17:18
1788,0@purdue.edu,20@purdue.edu,4/29/15 19:17
1789,127@purdue.edu,33@purdue.edu,4/29/15 19:31
1790,127@purdue.edu,202@purdue.edu,4/29/15 20:22
1791,20@purdue.edu,34@purdue.edu,4/29/15 22:36
1792,202@purdue.edu,139@purdue.edu,4/30/15 13:43
1793,34@purdue.edu,24@purdue.edu,4/30/15 13:49
1794,127@purdue.edu,182@purdue.edu,4/30/15 20:34
1795,24@purdue.edu,182@purdue.edu,4/30/15 20:42
1796,24@purdue.edu,182@purdue.edu,4/30/15 20:45
1797,127@purdue.edu,26@purdue.edu,4/30/15 21:47
1798,26@purdue.edu,23@purdue.edu,4/30/15 23:15
1799,24@purdue.edu,233@purdue.edu,4/30/15 23:51
1800,202@purdue.edu,214@purdue.edu,5/1/15 1:08
1801,23@purdue.edu,109@purdue.edu,5/1/15 2:21
1802,20@purdue.edu,35@purdue.edu,5/1/15 8:11
1803,202@purdue.edu,113@purdue.edu,5/1/15 10:29
1804,24@purdue.edu,113@purdue.edu,5/1/15 10:33
1805,127@purdue.edu,231@purdue.edu,5/1/15 13:00
1806,20@purdue.edu,181@purdue.edu,5/1/15 13:06
1807,139@purdue.edu,44@purdue.edu,5/1/15 13:40
1808,34@purdue.edu,44@purdue.edu,5/1/15 13:41
1809,0@purdue.edu,12@purdue.edu,4/19/15 15:27
1810,0@purdue.edu,31@purdue.edu,4/19/15 15:59
1811,31@purdue.edu,12@purdue.edu,4/19/15 16:14
1812,31@purdue.edu,22@purdue.edu,4/21/15 16:16
1813,22@purdue.edu,80@purdue.edu,4/21/15 17:40
1814,31@purdue.edu,80@purdue.edu,4/21/15 20:35
1815,80@purdue.edu,12@purdue.edu,4/21/15 21:45
1816,80@purdue.edu,200@purdue.edu,4/22/15 16:53
1817,80@purdue.edu,200@purdue.edu,4/22/15 16:55
1818,0@purdue.edu,12@purdue.edu,4/19/15 15:28
1819,12@purdue.edu,31@purdue.edu,4/19/15 16:26
1820,12@purdue.edu,80@purdue.edu,4/21/15 11:37
1821,80@purdue.edu,31@purdue.edu,4/22/15 13:04